region_type,prot_resname,count,share_of_region,length_mean,n_suc_donor,n_prot_donor
3F,ASN,3970,0.20105337789932137,3.123440975625466,1287,2683
3F,SER,3040,0.15395523143927883,3.111555206246499,1600,1440
3F,GLN,2385,0.12078395624430265,3.1199948165308005,754,1631
3F,ASP,1800,0.09115770282588878,3.0831040142994426,655,1145
3F,HISE,1696,0.08589081332928188,3.1178267901203345,576,1120
3F,GLY,1531,0.07753469057024208,3.117129095674302,578,953
3F,THR,1065,0.0539349741719842,3.1095004653659615,627,438
3F,ALA,1016,0.05145345892839056,3.1312083987675203,608,408
3F,LYS,941,0.047655221310645195,3.067636473626923,313,628
3F,TYR,655,0.033171275194976195,2.9691380519760155,214,441
3F,ARG,562,0.028461460548971945,3.0778224391168103,140,422
3F,GLU,318,0.01610452749924035,3.1416302775143032,292,26
3F,PHE,302,0.015294236807454674,3.1544163258010474,63,239
3F,TRP,180,0.009115770282588878,3.105240865653759,124,56
3F,PRO,139,0.007039400384888078,3.1722463632231,139,0
3F,VAL,62,0.003139876430669503,3.1754478041917467,62,0
3F,GLUH,54,0.0027347310847766638,3.0736120313690387,12,42
3F,LEU,25,0.001266079205915122,3.144728761164327,25,0
3F,ILE,5,0.00025321584118302443,3.3017064328938686,5,0
5F,THR,2152,0.32814882586154315,3.099577126950716,779,1373
5F,ASN,2073,0.3161024702653248,3.1215401547310084,660,1413
5F,SER,608,0.0927111924367185,3.1139847864431083,486,122
5F,GLY,429,0.06541628545288197,3.0800448724658454,294,135
5F,ALA,306,0.04666056724611162,3.073099011520272,139,167
5F,GLN,267,0.04071363220494053,3.1408528490148653,103,164
5F,ASP,177,0.026989935956084173,3.130797079720553,102,75
5F,PHE,149,0.022720341567551084,3.109692206729977,127,22
5F,PRO,114,0.01738334858188472,3.155042084692334,114,0
5F,VAL,113,0.01723086306800854,3.125774351909523,46,67
5F,LYS,68,0.01036901494358036,3.020203958662778,2,66
5F,GLU,48,0.007319304666056725,3.171325270480768,43,5
5F,HISE,37,0.0056419640134187255,3.1548252935768826,15,22
5F,MET,7,0.0010673985971332723,3.378460232060246,7,0
5F,TYR,5,0.0007624275693809088,3.2246789590408467,5,0
5F,ILE,2,0.0003049710277523635,3.3991925934350125,0,2
5F,LEU,2,0.0003049710277523635,3.4249638407056793,2,0
5F,TRP,1,0.00015248551387618176,3.156079332903005,1,0
neither,GLU,83,0.28135593220338984,3.164361704169633,83,0
neither,THR,54,0.18305084745762712,3.0372951836246465,17,37
neither,ASN,53,0.17966101694915254,3.1144347349163537,8,45
neither,GLN,28,0.09491525423728814,3.158468162219146,28,0
neither,SER,22,0.07457627118644068,3.1545293938870027,20,2
neither,ALA,21,0.0711864406779661,3.2213649620039186,4,17
neither,TYR,20,0.06779661016949153,3.13964527026984,20,0
neither,ASP,8,0.02711864406779661,3.1818487496267704,8,0
neither,TRP,6,0.020338983050847456,3.146742499424309,6,0
