rank,residue,resid,resname,region,hbonds_per_frame_all60chains,hbonds_per_frame_per_copy
1,GLN 452,452,GLN,3F,4.5805,0.0763
2,GLN 457,457,GLN,3F,4.351,0.0725
3,ASN 552,552,ASN,3F,3.2232,0.0537
4,ASN 498,498,ASN,3F,3.0303,0.0505
5,ASN 657,657,ASN,5F,2.9681,0.0495
6,ASN 447,447,ASN,3F,2.7108,0.0452
7,SER 455,455,SER,3F,2.7068,0.0451
8,ARG 448,448,ARG,3F,2.5138,0.0419
9,ASN 500,500,ASN,3F,2.4769,0.0413
10,ASN 458,458,ASN,3F,2.3121,0.0385
11,SER 551,551,SER,3F,2.2324,0.0372
12,ASN 718,718,ASN,5F,2.0485,0.0341
13,THR 326,326,THR,5F,2.016,0.0336
14,GLN 386,386,GLN,3F,1.8856,0.0314
15,SER 385,385,SER,3F,1.859,0.031
16,SER 453,453,SER,3F,1.8411,0.0307
17,GLN 450,450,GLN,3F,1.8259,0.0304
18,GLY 454,454,GLY,3F,1.8239,0.0304
19,ASN 254,254,ASN,5F,1.8027,0.03
20,SER 264,264,SER,3F,1.7823,0.0297
21,THR 331,331,THR,5F,1.6582,0.0276
22,ASN 269,269,ASN,3F,1.6503,0.0275
23,ASN 271,271,ASN,3F,1.5306,0.0255
24,THR 593,593,THR,3F,1.4351,0.0239
25,SER 547,547,SER,5F,1.4181,0.0236
26,ASP 595,595,ASP,3F,1.3994,0.0233
27,ASN 557,557,ASN,3F,1.3933,0.0232
28,ASN 451,451,ASN,3F,1.392,0.0232
29,SER 261,261,SER,3F,1.3817,0.023
30,ASN 717,717,ASN,5F,1.371,0.0228
31,ALA 267,267,ALA,3F,1.3605,0.0227
32,SER 268,268,SER,3F,1.3562,0.0226
33,THR 265,265,THR,3F,1.3347,0.0222
34,SER 588,588,SER,3F,1.2918,0.0215
35,PHE 584,584,PHE,3F,1.2758,0.0213
36,ASN 704,704,ASN,neither,1.2612,0.021
37,ASN 583,583,ASN,3F,1.2303,0.0205
38,ALA 550,550,ALA,3F,1.1587,0.0193
39,LYS 459,459,LYS,3F,1.1566,0.0193
40,ALA 456,456,ALA,3F,1.1552,0.0193
41,GLY 266,266,GLY,3F,1.1294,0.0188
42,TYR 705,705,TYR,3F,1.0842,0.0181
43,ALA 263,263,ALA,3F,1.0828,0.018
44,SER 587,587,SER,3F,1.0395,0.0173
45,THR 672,672,THR,5F,1.0289,0.0171
46,GLY 329,329,GLY,5F,1.0283,0.0171
47,SER 499,499,SER,3F,0.934,0.0156
48,SER 669,669,SER,5F,0.9325,0.0155
49,ALA 668,668,ALA,5F,0.9227,0.0154
50,ASP 590,590,ASP,3F,0.8209,0.0137
51,ALA 660,660,ALA,5F,0.8059,0.0134
52,PHE 670,670,PHE,5F,0.7945,0.0132
53,ASP 328,328,ASP,5F,0.7805,0.013
54,ASN 327,327,ASN,5F,0.7694,0.0128
55,ALA 709,709,ALA,3F,0.7583,0.0126
56,TYR 445,445,TYR,3F,0.7083,0.0118
57,PRO 658,658,PRO,5F,0.6897,0.0115
58,SER 467,467,SER,3F,0.6855,0.0114
59,THR 504,504,THR,3F,0.6846,0.0114
60,HIS 597,597,HIS,3F,0.6827,0.0114
61,HIS 272,272,HIS,3F,0.6539,0.0109
62,LYS 707,707,LYS,3F,0.6539,0.0109
63,ALA 469,469,ALA,3F,0.6326,0.0105
64,THR 494,494,THR,3F,0.6172,0.0103
65,TRP 503,503,TRP,3F,0.614,0.0102
66,LYS 491,491,LYS,3F,0.6087,0.0101
67,LYS 533,533,LYS,3F,0.6006,0.01
68,THR 589,589,THR,3F,0.5802,0.0097
69,LYS 258,258,LYS,5F,0.5763,0.0096
70,TYR 273,273,TYR,3F,0.5668,0.0094
71,THR 665,665,THR,5F,0.5539,0.0092
72,ASP 532,532,ASP,3F,0.5412,0.009
73,ARG 725,725,ARG,3F,0.54,0.009
74,ASN 497,497,ASN,3F,0.5232,0.0087
75,GLN 259,259,GLN,neither,0.5196,0.0087
76,ALA 554,554,ALA,3F,0.4893,0.0082
77,SER 586,586,SER,3F,0.4892,0.0082
78,THR 702,702,THR,neither,0.4595,0.0077
79,ASP 530,530,ASP,3F,0.4404,0.0073
80,GLU 546,546,GLU,neither,0.4336,0.0072
81,GLU 661,661,GLU,5F,0.4262,0.0071
82,SER 708,708,SER,3F,0.4177,0.007
83,THR 502,502,THR,3F,0.4113,0.0069
84,GLY 549,549,GLY,3F,0.4001,0.0067
85,LYS 493,493,LYS,3F,0.3931,0.0066
86,ALA 548,548,ALA,3F,0.3889,0.0065
87,ASN 253,253,ASN,5F,0.3879,0.0065
88,ARG 488,488,ARG,3F,0.3761,0.0063
89,SER 464,464,SER,3F,0.3643,0.0061
90,SER 262,262,SER,3F,0.3523,0.0059
91,SER 663,663,SER,5F,0.3335,0.0056
92,ASN 710,710,ASN,neither,0.3084,0.0051
93,SER 472,472,SER,3F,0.308,0.0051
94,PRO 591,591,PRO,3F,0.3071,0.0051
95,ILE 560,560,ILE,3F,0.2918,0.0049
96,ASP 556,556,ASP,3F,0.283,0.0047
97,PHE 501,501,PHE,3F,0.2665,0.0044
98,ASN 383,383,ASN,3F,0.26,0.0043
99,ARG 465,465,ARG,3F,0.2594,0.0043
100,SER 277,277,SER,5F,0.2534,0.0042
101,THR 492,492,THR,3F,0.2485,0.0041
102,THR 553,553,THR,3F,0.243,0.0041
103,LYS 545,545,LYS,3F,0.2378,0.004
104,PRO 437,437,PRO,3F,0.2341,0.0039
105,ASP 562,562,ASP,3F,0.2294,0.0038
106,VAL 582,582,VAL,3F,0.2159,0.0036
107,THR 325,325,THR,5F,0.2119,0.0035
108,THR 332,332,THR,5F,0.198,0.0033
109,ALA 664,664,ALA,5F,0.1866,0.0031
110,PHE 662,662,PHE,5F,0.1784,0.003
111,ALA 706,706,ALA,3F,0.1667,0.0028
112,ARG 576,576,ARG,3F,0.1643,0.0027
113,PHE 667,667,PHE,5F,0.1637,0.0027
114,PRO 468,468,PRO,3F,0.1598,0.0027
115,SER 703,703,SER,neither,0.1589,0.0026
116,ASP 495,495,ASP,3F,0.1563,0.0026
117,GLY 470,470,GLY,3F,0.1409,0.0023
118,VAL 324,324,VAL,5F,0.1337,0.0022
119,LEU 438,438,LEU,3F,0.1288,0.0021
120,ARG 390,390,ARG,3F,0.1232,0.0021
121,ALA 656,656,ALA,5F,0.117,0.0019
122,ASP 270,270,ASP,3F,0.111,0.0018
123,PRO 724,724,PRO,3F,0.1106,0.0018
124,ASP 716,716,ASP,5F,0.1071,0.0018
125,GLU 515,515,GLU,3F,0.1051,0.0018
126,VAL 330,330,VAL,5F,0.1031,0.0017
127,ILE 333,333,ILE,5F,0.0869,0.0014
128,ASP 529,529,ASP,3F,0.0783,0.0013
129,GLN 585,585,GLN,3F,0.0722,0.0012
130,GLU 531,531,GLU,3F,0.0713,0.0012
131,ASP 460,460,ASP,3F,0.0703,0.0012
132,THR 722,722,THR,neither,0.0633,0.0011
133,ALA 387,387,ALA,3F,0.0623,0.001
134,ARG 485,485,ARG,3F,0.0566,0.0009
135,ASP 440,440,ASP,3F,0.0535,0.0009
136,GLY 719,719,GLY,5F,0.0481,0.0008
137,PRO 726,726,PRO,3F,0.044,0.0007
138,GLY 384,384,GLY,3F,0.0434,0.0007
139,PRO 659,659,PRO,5F,0.0425,0.0007
140,LYS 528,528,LYS,3F,0.0401,0.0007
141,LEU 720,720,LEU,5F,0.0399,0.0007
142,ASN 496,496,ASN,3F,0.0341,0.0006
143,ASN 510,510,ASN,3F,0.033,0.0005
144,GLY 513,513,GLY,3F,0.033,0.0005
145,VAL 558,558,VAL,3F,0.0314,0.0005
146,GLN 360,360,GLN,3F,0.0283,0.0005
147,GLU 565,565,GLU,3F,0.0275,0.0005
148,ALA 592,592,ALA,3F,0.026,0.0004
149,ASP 712,712,ASP,neither,0.0254,0.0004
150,ALA 598,598,ALA,3F,0.0241,0.0004
151,LEU 446,446,LEU,3F,0.0228,0.0004
152,GLY 389,389,GLY,3F,0.0206,0.0003
153,GLY 594,594,GLY,3F,0.0196,0.0003
154,THR 251,251,THR,5F,0.0194,0.0003
155,GLU 564,564,GLU,3F,0.0173,0.0003
156,GLU 723,723,GLU,3F,0.0151,0.0003
157,LEU 555,555,LEU,3F,0.0147,0.0002
158,ILE 260,260,ILE,3F,0.0145,0.0002
159,VAL 473,473,VAL,3F,0.0144,0.0002
160,GLN 375,375,GLN,5F,0.0117,0.0002
161,GLU 575,575,GLU,3F,0.0115,0.0002
162,GLY 505,505,GLY,3F,0.0109,0.0002
163,GLY 544,544,GLY,3F,0.0107,0.0002
164,VAL 711,711,VAL,neither,0.0106,0.0002
165,LYS 508,508,LYS,3F,0.0102,0.0002
166,HIS 255,255,HIS,5F,0.009,0.0001
167,GLY 466,466,GLY,3F,0.0082,0.0001
168,ILE 439,439,ILE,3F,0.0078,0.0001
169,MET 471,471,MET,3F,0.0068,0.0001
170,LEU 461,461,LEU,3F,0.0063,0.0001
171,THR 449,449,THR,3F,0.0063,0.0001
172,TYR 701,701,TYR,3F,0.0062,0.0001
173,TYR 444,444,TYR,3F,0.0048,0.0001
174,TYR 721,721,TYR,neither,0.0047,0.0001
175,PHE 463,463,PHE,3F,0.0032,0.0001
176,GLN 441,441,GLN,3F,0.0026,0.0
177,HIS 527,527,HIS,3F,0.0016,0.0
178,ASN 512,512,ASN,3F,0.0011,0.0
179,ARG 514,514,ARG,3F,0.0008,0.0
180,ILE 671,671,ILE,5F,0.0007,0.0
181,VAL 596,596,VAL,3F,0.0005,0.0
182,THR 714,714,THR,neither,0.0004,0.0
183,THR 561,561,THR,3F,0.0004,0.0
184,TYR 442,442,TYR,3F,0.0003,0.0
185,LEU 256,256,LEU,5F,0.0002,0.0
186,LEU 462,462,LEU,3F,0.0002,0.0
187,GLN 474,474,GLN,3F,0.0002,0.0
188,THR 579,579,THR,3F,0.0002,0.0
189,SER 490,490,SER,3F,0.0001,0.0
