rank,residue,resid,3F,5F
1,GLN 452,452,4.5805,
2,GLN 457,457,4.351,
3,ASN 552,552,3.2232,
4,ASN 498,498,3.0303,
5,ASN 657,657,,2.9681
6,ASN 447,447,2.7108,
7,SER 455,455,2.7068,
8,ARG 448,448,2.5138,
9,ASN 500,500,2.4769,
10,ASN 458,458,2.3121,
11,SER 551,551,2.2324,
12,ASN 718,718,,2.0485
13,THR 326,326,,2.016
14,GLN 386,386,1.8856,
15,SER 385,385,1.859,
16,SER 453,453,1.8411,
17,GLN 450,450,1.8259,
18,GLY 454,454,1.8239,
19,ASN 254,254,,1.8027
20,SER 264,264,1.7823,
21,THR 331,331,,1.6582
22,ASN 269,269,1.6503,
23,ASN 271,271,1.5306,
24,THR 593,593,1.4351,
25,SER 547,547,,1.4181
26,ASP 595,595,1.3994,
27,ASN 557,557,1.3933,
28,ASN 451,451,1.392,
29,SER 261,261,1.3817,
30,ASN 717,717,,1.371
31,ALA 267,267,1.3605,
32,SER 268,268,1.3562,
33,THR 265,265,1.3347,
34,SER 588,588,1.2918,
35,PHE 584,584,1.2758,
36,ASN 704,704,,
37,ASN 583,583,1.2303,
38,ALA 550,550,1.1587,
39,LYS 459,459,1.1566,
40,ALA 456,456,1.1552,
41,GLY 266,266,1.1294,
42,TYR 705,705,1.0842,
43,ALA 263,263,1.0828,
44,SER 587,587,1.0395,
45,THR 672,672,,1.0289
46,GLY 329,329,,1.0283
47,SER 499,499,0.934,
48,SER 669,669,,0.9325
49,ALA 668,668,,0.9227
50,ASP 590,590,0.8209,
51,ALA 660,660,,0.8059
52,PHE 670,670,,0.7945
53,ASP 328,328,,0.7805
54,ASN 327,327,,0.7694
55,ALA 709,709,0.7583,
56,TYR 445,445,0.7083,
57,PRO 658,658,,0.6897
58,SER 467,467,0.6855,
59,THR 504,504,0.6846,
60,HIS 597,597,0.6827,
61,HIS 272,272,0.6539,
62,LYS 707,707,0.6539,
63,ALA 469,469,0.6326,
64,THR 494,494,0.6172,
65,TRP 503,503,0.614,
66,LYS 491,491,0.6087,
67,LYS 533,533,0.6006,
68,THR 589,589,0.5802,
69,LYS 258,258,,0.5763
70,TYR 273,273,0.5668,
71,THR 665,665,,0.5539
72,ASP 532,532,0.5412,
73,ARG 725,725,0.54,
74,ASN 497,497,0.5232,
75,GLN 259,259,,
76,ALA 554,554,0.4893,
77,SER 586,586,0.4892,
78,THR 702,702,,
79,ASP 530,530,0.4404,
80,GLU 546,546,,
81,GLU 661,661,,0.4262
82,SER 708,708,0.4177,
83,THR 502,502,0.4113,
84,GLY 549,549,0.4001,
85,LYS 493,493,0.3931,
86,ALA 548,548,0.3889,
87,ASN 253,253,,0.3879
88,ARG 488,488,0.3761,
89,SER 464,464,0.3643,
90,SER 262,262,0.3523,
91,SER 663,663,,0.3335
92,ASN 710,710,,
93,SER 472,472,0.308,
94,PRO 591,591,0.3071,
95,ILE 560,560,0.2918,
96,ASP 556,556,0.283,
97,PHE 501,501,0.2665,
98,ASN 383,383,0.26,
99,ARG 465,465,0.2594,
100,SER 277,277,,0.2534
101,THR 492,492,0.2485,
102,THR 553,553,0.243,
103,LYS 545,545,0.2378,
104,PRO 437,437,0.2341,
105,ASP 562,562,0.2294,
106,VAL 582,582,0.2159,
107,THR 325,325,,0.2119
108,THR 332,332,,0.198
109,ALA 664,664,,0.1866
110,PHE 662,662,,0.1784
111,ALA 706,706,0.1667,
112,ARG 576,576,0.1643,
113,PHE 667,667,,0.1637
114,PRO 468,468,0.1598,
115,SER 703,703,,
116,ASP 495,495,0.1563,
117,GLY 470,470,0.1409,
118,VAL 324,324,,0.1337
119,LEU 438,438,0.1288,
120,ARG 390,390,0.1232,
121,ALA 656,656,,0.117
122,ASP 270,270,0.111,
123,PRO 724,724,0.1106,
124,ASP 716,716,,0.1071
125,GLU 515,515,0.1051,
126,VAL 330,330,,0.1031
127,ILE 333,333,,0.0869
128,ASP 529,529,0.0783,
129,GLN 585,585,0.0722,
130,GLU 531,531,0.0713,
131,ASP 460,460,0.0703,
132,THR 722,722,,
133,ALA 387,387,0.0623,
134,ARG 485,485,0.0566,
135,ASP 440,440,0.0535,
136,GLY 719,719,,0.0481
137,PRO 726,726,0.044,
138,GLY 384,384,0.0434,
139,PRO 659,659,,0.0425
140,LYS 528,528,0.0401,
141,LEU 720,720,,0.0399
142,ASN 496,496,0.0341,
143,ASN 510,510,0.033,
144,GLY 513,513,0.033,
145,VAL 558,558,0.0314,
146,GLN 360,360,0.0283,
147,GLU 565,565,0.0275,
148,ALA 592,592,0.026,
149,ASP 712,712,,
150,ALA 598,598,0.0241,
151,LEU 446,446,0.0228,
152,GLY 389,389,0.0206,
153,GLY 594,594,0.0196,
154,THR 251,251,,0.0194
155,GLU 564,564,0.0173,
156,GLU 723,723,0.0151,
157,LEU 555,555,0.0147,
158,ILE 260,260,0.0145,
159,VAL 473,473,0.0144,
160,GLN 375,375,,0.0117
161,GLU 575,575,0.0115,
162,GLY 505,505,0.0109,
163,GLY 544,544,0.0107,
164,VAL 711,711,,
165,LYS 508,508,0.0102,
166,HIS 255,255,,0.009
167,GLY 466,466,0.0082,
168,ILE 439,439,0.0078,
169,MET 471,471,0.0068,
170,LEU 461,461,0.0063,
171,THR 449,449,0.0063,
172,TYR 701,701,0.0062,
173,TYR 444,444,0.0048,
174,TYR 721,721,,
175,PHE 463,463,0.0032,
176,GLN 441,441,0.0026,
177,HIS 527,527,0.0016,
178,ASN 512,512,0.0011,
179,ARG 514,514,0.0008,
180,ILE 671,671,,0.0007
181,VAL 596,596,0.0005,
182,THR 714,714,,
183,THR 561,561,0.0004,
184,TYR 442,442,0.0003,
185,LEU 256,256,,0.0002
186,LEU 462,462,0.0002,
187,GLN 474,474,0.0002,
188,THR 579,579,0.0002,
189,SER 490,490,0.0001,
