distance_from_surface_A,pH6_30mM_1pct_Na,pH6_30mM_1pct_Cl,CL,pH6_30mM_1pct_net,pH6_30mM_10pct_Na,pH6_30mM_10pct_Cl,pH6_30mM_10pct_net,pH6_30mM_12pct_Na,pH6_30mM_12pct_Cl,pH6_30mM_12pct_net,pH6_110mM_8pct_Na,pH6_110mM_8pct_Cl,pH6_110mM_8pct_net,pH6_200mM_1pct_Na,pH6_200mM_1pct_Cl,CL,pH6_200mM_1pct_net,pH6_200mM_10pct_Na,pH6_200mM_10pct_Cl,pH6_200mM_10pct_net,pH7.3_30mM_12pct_Na,pH7.3_30mM_12pct_Cl,pH7.3_30mM_12pct_net,pH7.3_170mM_5pct_Na,pH7.3_170mM_5pct_Cl,pH7.3_170mM_5pct_net,pH8_30mM_1pct_Na,pH8_30mM_1pct_Cl,,pH8_30mM_1pct_net,pH8_30mM_10pct_Na,pH8_30mM_10pct_Cl,pH8_30mM_10pct_net,pH8_200mM_1pct_Na,pH8_200mM_1pct_Cl,,pH8_200mM_1pct_net,pH8_200mM_10pct_Na,pH8_200mM_10pct_Cl,pH8_200mM_10pct_net
0.025,0,0,0,0,0,0,0,0,0,0,0,0,0,0,0,0,0,0,0,0,0,0,0,0,0,0,0,0,0,0,0,0,0,0,0,0,0,0,0,0
0.075,0,0,0,0,0,0,0,0,0,0,0,0,0,0,0,0,0,0,0,0,0,0,0,0,0,0,0,0,0,0,0,0,0,0,0,0,0,0,0,0
0.125,0,0,0,0,0,0,0,0,0,0,0,0,0,0,0,0,0,0,0,0,0,0,0,0,0,0,0,0,0,0,0,0,0,0,0,0,0,0,0,0
0.175,0,0,0,0,0,0,0,0,0,0,0,0,0,0,0,0,0,0,0,0,0,0,0,0,0,0,0,0,0,0,0,0,0,0,0,0,0,0,0,0
0.225,0,0,0,0,0,0,0,0,0,0,0,0,0,0,0,0,0,0,0,0,0,0,0,0,0,0,0,0,0,0,0,0,0,0,0,0,0,0,0,0
0.275,0,0,0,0,0,0,0,0,0,0,0,0,0,0,0,0,0,0,0,0,0,0,0,0,0,0,0,0,0,0,0,0,0,0,0,0,0,0,0,0
0.325,0,0,0,0,0,0,0,0,0,0,0,0,0,0,0,0,0,0,0,0,0,0,0,0,0,0,0,0,0,0,0,0,0,0,0,0,0,0,0,0
0.375,0,0,0,0,0,0,0,0,0,0,0,0,0,0,0,0,0,0,0,0,0,0,0,0,0,0,0,0,0,0,0,0,0,0,0,0,0,0,0,0
0.425,0,0,0,0,0,0,0,0,0,0,0,0,0,0,0,0,0,0,0,0,0,0,0,0,0,0,0,0,0,0,0,0,0,0,0,0,0,0,0,0
0.475,0,0,0,0,0,0,0,0,0,0,0,0,0,0,0,0,0,0,0,0,0,0,0,0,0,0,0,0,0,0,0,0,0,0,0,0,0,0,0,0
0.525,0,0,0,0,0,0,0,0,0,0,0,0,0,0,0,0,0,0,0,0,0,0,0,0,0,0,0,0,0,0,0,0,0,0,0,0,0,0,0,0
0.575,0,0,0,0,0,0,0,0,0,0,0,0,0,0,0,0,0,0,0,0,0,0,0,0,0,0,0,0,0,0,0,0,0,0,0,0,0,0,0,0
0.625,0,0,0,0,0,0,0,0,0,0,0,0,0,0,0,0,0,0,0,0,0,0,0,0,0,0,0,0,0,0,0,0,0,0,0,0,0,0,0,0
0.675,0,0,0,0,0,0,0,0,0,0,0,0,0,0,0,0,0,0,0,0,0,0,0,0,0,0,0,0,0,0,0,0,0,0,0,0,0,0,0,0
0.725,0,0,0,0,0,0,0,0,0,0,0,0,0,0,0,0,0,0,0,0,0,0,0,0,0,0,0,0,0,0,0,0,0,0,0,0,0,0,0,0
0.775,0,0,0,0,0,0,0,0,0,0,0,0,0,0,0,0,0,0,0,0,0,0,0,0,0,0,0,0,0,0,0,0,0,0,0,0,0,0,0,0
0.825,0,0,0,0,0,0,0,0,0,0,0,0,0,0,0,0,0,0,0,0,0,0,0,0,0,0,0,0,0,0,0,0,0,0,0,0,0,0,0,0
0.875,0,0,0,0,0,0,0,0,0,0,0,0,0,0,0,0,0,0,0,0,0,0,0,0,0,0,0,0,0,0,0,0,0,0,0,0,0,0,0,0
0.925,0,0,0,0,0,0,0,0,0,0,0,0,0,0,0,0,0,0,0,0,0,0,0,0,0,0,0,0,0,0,0,0,0,0,0,0,0,0,0,0
0.975,0,0,0,0,0,0,0,0,0,0,0,0,0,0,0,0,0,0,0,0,0,0,0,0,0,0,0,0,0,0,0,0,0,0,0,0,0,0,0,0
1.025,0,0,0,0,0,0,0,0,0,0,0,0,0,0,0,0,0,0,0,0,0,0,0,0,0,0,0,0,0,0,0,0,0,0,0,0,0,0,0,0
1.075,0,0,0,0,0,0,0,0,0,0,0,0,0,0,0,0,0,0,0,0,0,0,0,0,0,0,0,0,0,0,0,0,0,0,0,0,0,0,0,0
1.125,0,0,0,0,0,0,0,0,0,0,0,0,0,0,0,0,0,0,0,0,0,0,0,0,0,0,0,0,0,0,0,0,0,0,0,0,0,0,0,0
1.175,0,0,0,0,0,0,0,0,0,0,0,0,0,0,0,0,0,0,0,0,0,0,0,0,0,0,0,0,0,0,0,0,0,0,0,0,0,0,0,0
1.225,0,0,0,0,0,0,0,0,0,0,0,0,0,0,0,0,0,0,0,0,0,0,0,0,0,0,0,0,0,0,0,0,0,0,0,0,0,0,0,0
1.275,0,0,0,0,0,0,0,0,0,0,0,0,0,0,0,0,0,0,0,0,0,0,0,0,0,0,0,0,0,0,0,0,0,0,0,0,0,0,0,0
1.325,0,0,0,0,0,0,0,0,0,0,0,0,0,0,0,0,0,0,0,0,0,0,0,0,0,0,0,0,0,0,0,0,0,0,0,0,0,0,0,0
1.375,0,0,0,0,0,0,0,0,0,0,0,0,0,0,0,0,0,0,0,0,0,0,0,0,0,0,0,0,0,0,0,0,0,0,0,0,0,0,0,0
1.425,0,0,0,0,0,0,0,0,0,0,0,0,0,0,0,0,0,0,0,0,0,0,0,0,0,0,0,0,0,0,0,0,0,0,0,0,0,0,0,0
1.475,0,0,0,0,0,0,0,0,0,0,0,0,0,0,0,0,0,0,0,0,0,0,0,0,0,0,0,0,0,0,0,0,0,0,0,0,0,0,0,0
1.525,0,0,0,0,0,0,0,0,0,0,0,0,0,0,0,0,0,0,0,0,0,0,0,0,0,0,0,0,0,0,0,0,0,0,0,0,0,0,0,0
1.575,0,0,0,0,0,0,0,0,0,0,0,0,0,0,0,0,0,0,0,0,0,0,0,0,0,0,0,0,0,0,0,0,0,0,0,0,0,0,0,0
1.625,0,0,0,0,0,0,0,0,0,0,0,0,0,0,0,0,0,0,0,0,0,0,0,0,0,0,0,0,0,0,0,0,0,0,0,0,0,0,0,0
1.675,0,0,0,0,0,0,0,0,0,0,0,0,0,0,0,0,0,0,0,0,0,0,0,0,0,0,0,0,0,0,0,0,0,0,0,0,0,0,0,0
1.725,0,0,0,0,0,0,0,0,0,0,0,0,0,0,0,0,0,0,0,0,0,0,0,0,0,0,0,0,0,0,0,0,0,0,0,0,0,0,0,0
1.775,0,0,0,0,0,0,0,0,0,0,0,0,0,0,0,0,0,0,0,0,0,0,0,0,0,0,0,0,0,0,0,0,0,0,0,0,0,0,0,0
1.825,0,0,0,0,0,0,0,0,0,0,0,0,0,0,0,0,0,0,0,0,0,0,0,0,0,0,0,0,0,0,0,0,0,0,0,0,0,0,0,0
1.875,0,0,0,0,0,0,0,0,0,0,0,0,0,0,0,0,0,0,0,0,0,0,0,0,0,0,0,0,0,0,0,0,0,0,0,0,0,0,0,0
1.925,0,0,0,0,0,0,0,0,0,0,0,0,0,0,0,0,0,0,0,0,0,0,0,0,0,0,0,0,0,0,0,0,0,0,0,0,0,0,0,0
1.975,0,0,0,0,0,0,0,0,0,0,0,0,0,0,0,0,0,0,0,0,0,0,0,0,0,0,0,0,0,0,0,0,0,0,0,0,0,0,0,0
2.025,0,0,0,0,0.002,0,0.002,0,0,0,0,0,0,0.004,0,0,0.004,0,0,0,0,0,0,0.002,0,0.002,0.004,0,0,0.004,0.006,0,0.006,0.008,0,0,0.008,0.008,0,0.008
2.075,0.002,0,0,0.002,0.004,0,0.004,0.002,0,0.002,0.016,0,0.016,0.034,0,0,0.034,0.05,0,0.05,0.046,0,0.046,0.092,0,0.092,0.118,0,0,0.118,0.218,0,0.218,0.313,0,0,0.313,0.255,0,0.255
2.125,0.02,0,0,0.02,0.042,0,0.042,0.05,0,0.05,0.128,0,0.128,0.305,0,0,0.305,0.385,0,0.385,0.363,0,0.363,0.798,0,0.798,1.369,0,0,1.369,1.385,0,1.385,2.333,0,0,2.333,1.862,0,1.862
2.175,0.116,0,0,0.116,0.184,0,0.184,0.126,0,0.126,0.575,0,0.575,1.194,0,0,1.194,1.417,0,1.417,1.633,0,1.633,3.212,0,3.212,4.77,0,0,4.77,5.351,0,5.351,9.431,0,0,9.431,7.455,0,7.455
2.225,0.321,0,0,0.321,0.359,0,0.359,0.345,0,0.345,1.351,0,1.351,2.872,0,0,2.872,3.136,0,3.136,3.772,0,3.772,7.735,0,7.735,10.806,0,0,10.806,11.97,0,11.97,21.874,0,0,21.874,16.782,0,16.782
2.275,0.477,0,0,0.477,0.605,0,0.605,0.611,0,0.611,2.066,0,2.066,4.325,0,0,4.325,4.856,0,4.856,5.687,0,5.687,11.703,0,11.703,16.008,0,0,16.008,17.345,0,17.345,31.902,0,0,31.902,25.629,0,25.629
2.325,0.567,0,0,0.567,0.595,0,0.595,0.725,0,0.725,2.383,0,2.383,4.683,0,0,4.683,5.313,0,5.313,6.275,0,6.275,13.551,0,13.551,16.373,0,0,16.373,17.896,0,17.896,33.17,0,0,33.17,27.794,0,27.794
2.375,0.501,0,0,0.501,0.595,0,0.595,0.703,0,0.703,2.263,0,2.263,4.335,0,0,4.335,4.677,0,4.677,5.365,0,5.365,11.884,0,11.884,13.806,0,0,13.806,14.896,0,14.896,26.559,0,0,26.559,22.804,0,22.804
2.425,0.405,0,0,0.405,0.427,0,0.427,0.531,0,0.531,1.824,0,1.824,3.503,0,0,3.503,3.547,0,3.547,3.868,0,3.868,9.166,0,9.166,9.625,0,0,9.625,10.381,0,10.381,19.24,0,0,19.24,16.762,0,16.762
2.475,0.305,0,0,0.305,0.297,0,0.297,0.347,0,0.347,1.186,0,1.186,2.519,0,0,2.519,2.587,0,2.587,2.627,0,2.627,6.192,0,6.192,6.375,0,0,6.375,6.685,0,6.685,12.589,0,0,12.589,11.663,0,11.663
2.525,0.176,0,0,0.176,0.192,0,0.192,0.212,0,0.212,0.908,0,0.908,1.713,0,0,1.713,1.764,0,1.764,1.559,0,1.559,4.048,0,4.048,4.124,0,0,4.124,4.198,0,4.198,7.954,0,0,7.954,7.569,0,7.569
2.575,0.136,0,0,0.136,0.116,0,0.116,0.136,0,0.136,0.615,0,0.615,1.13,0,0,1.13,1.259,0,1.259,1.046,0,1.046,2.657,0,2.657,2.599,0,0,2.599,2.828,0,2.828,5.287,0,0,5.287,4.98,0,4.98
2.625,0.096,0,0,0.096,0.096,0,0.096,0.118,0,0.118,0.395,0,0.395,0.76,0,0,0.76,0.824,0,0.824,0.717,0,0.717,1.741,0,1.741,1.75,0,0,1.75,1.739,0,1.739,3.471,0,0,3.471,3.401,0,3.401
2.675,0.066,0,0,0.066,0.022,0,0.022,0.064,0,0.064,0.285,0,0.285,0.537,0,0,0.537,0.503,0,0.503,0.485,0,0.485,1.168,0,1.168,1.118,0,0,1.118,1.228,0,1.228,2.365,0,0,2.365,2.248,0,2.248
2.725,0.06,0,0,0.06,0.058,0.002,0.056,0.062,0,0.062,0.19,0,0.19,0.391,0,0,0.391,0.397,0,0.397,0.415,0,0.415,0.88,0,0.88,0.852,0,0,0.852,0.946,0,0.946,1.621,0,0,1.621,1.541,0,1.541
2.775,0.022,0.004,-0.004,0.018,0.03,0.008,0.022,0.056,0.006,0.05,0.142,0.002,0.14,0.279,0.006,-0.006,0.273,0.343,0.006,0.337,0.283,0,0.283,0.697,0,0.697,0.619,0,0,0.619,0.593,0,0.593,1.232,0,0,1.232,1.19,0.002,1.188
2.825,0.012,0.106,-0.106,-0.094,0.022,0.09,-0.068,0.044,0.132,-0.088,0.12,0.104,0.016,0.224,0.13,-0.13,0.094,0.23,0.102,0.128,0.208,0,0.208,0.423,0.012,0.411,0.487,0,0,0.487,0.539,0,0.539,0.908,0.004,-0.004,0.904,0.902,0.002,0.9
2.875,0.026,1.038,-1.038,-1.012,0.032,0.786,-0.754,0.018,0.788,-0.77,0.078,0.906,-0.828,0.172,0.972,-0.972,-0.8,0.178,0.968,-0.79,0.146,0.004,0.142,0.341,0.068,0.273,0.365,0.006,-0.006,0.359,0.379,0.004,0.375,0.754,0.048,-0.048,0.707,0.711,0.062,0.649
2.925,0.012,4.074,-4.074,-4.062,0.012,3.297,-3.285,0.026,3.407,-3.381,0.072,3.838,-3.766,0.154,4.325,-4.325,-4.172,0.124,4.405,-4.281,0.132,0.062,0.07,0.329,0.389,-0.06,0.293,0.03,-0.03,0.263,0.307,0.032,0.275,0.585,0.451,-0.451,0.134,0.559,0.379,0.18
2.975,0.012,10.499,-10.499,-10.487,0.01,9.042,-9.032,0.01,9.136,-9.126,0.048,10.331,-10.283,0.128,13.008,-13.008,-12.88,0.098,12.752,-12.655,0.14,0.301,-0.162,0.248,1.497,-1.25,0.25,0.112,-0.112,0.138,0.281,0.162,0.12,0.543,1.766,-1.766,-1.224,0.509,1.669,-1.16
3.025,0.014,19.228,-19.228,-19.214,0.01,17.142,-17.132,0.026,17.613,-17.587,0.06,22.096,-22.036,0.096,26.854,-26.854,-26.758,0.114,26.333,-26.22,0.122,0.747,-0.625,0.246,3.766,-3.521,0.244,0.325,-0.325,-0.082,0.309,0.339,-0.03,0.509,4.665,-4.665,-4.156,0.455,4.421,-3.966
3.075,0.01,27.054,-27.054,-27.044,0.006,25.721,-25.715,0.018,25.407,-25.389,0.052,33.389,-33.337,0.072,41.11,-41.11,-41.038,0.09,40.242,-40.152,0.104,1.224,-1.12,0.273,6.968,-6.695,0.261,0.577,-0.577,-0.315,0.273,0.637,-0.363,0.499,8.409,-8.409,-7.91,0.459,7.541,-7.082
3.125,0.018,30.108,-30.108,-30.09,0.02,28.713,-28.693,0.014,28.377,-28.363,0.042,39.122,-39.08,0.108,47.994,-47.994,-47.886,0.122,47.569,-47.447,0.128,1.581,-1.453,0.222,9.026,-8.804,0.251,0.711,-0.711,-0.459,0.279,0.79,-0.511,0.527,11.102,-11.102,-10.575,0.479,9.772,-9.293
3.175,0.024,27.485,-27.485,-27.461,0.014,26.84,-26.826,0.016,26.894,-26.878,0.05,36.737,-36.687,0.122,45.747,-45.747,-45.625,0.114,44.325,-44.212,0.104,1.623,-1.519,0.263,9.329,-9.066,0.275,0.776,-0.776,-0.501,0.253,0.91,-0.657,0.557,11.068,-11.068,-10.511,0.499,9.92,-9.421
3.225,0.014,21.008,-21.008,-20.994,0.016,21.345,-21.329,0.02,20.976,-20.956,0.064,30.06,-29.996,0.164,37.551,-37.551,-37.387,0.152,36.673,-36.521,0.124,1.397,-1.273,0.289,8.128,-7.838,0.297,0.677,-0.677,-0.379,0.295,0.818,-0.523,0.631,9.86,-9.86,-9.23,0.567,8.727,-8.16
3.275,0.016,15.401,-15.401,-15.385,0.024,15.293,-15.269,0.014,15.11,-15.096,0.086,21.832,-21.747,0.144,27.701,-27.701,-27.557,0.164,27.088,-26.924,0.136,1.13,-0.994,0.375,6.509,-6.134,0.383,0.593,-0.593,-0.21,0.335,0.655,-0.319,0.747,7.699,-7.699,-6.952,0.657,7.106,-6.449
3.325,0.012,10.924,-10.924,-10.912,0.014,10.836,-10.822,0.026,10.525,-10.499,0.098,15.517,-15.419,0.15,19.004,-19.004,-18.854,0.162,19.583,-19.421,0.19,0.864,-0.675,0.433,5.022,-4.589,0.427,0.437,-0.437,-0.01,0.405,0.499,-0.094,0.876,5.89,-5.89,-5.014,0.82,5.064,-4.244
3.375,0.022,7.477,-7.477,-7.455,0.014,7.315,-7.301,0.036,7.174,-7.138,0.124,10.888,-10.764,0.234,13.481,-13.481,-13.248,0.212,14.122,-13.91,0.218,0.635,-0.417,0.505,3.758,-3.253,0.543,0.329,-0.329,0.214,0.533,0.367,0.166,1.128,4.557,-4.557,-3.429,0.956,3.936,-2.98
3.425,0.028,5.423,-5.423,-5.395,0.03,5.248,-5.218,0.034,5.196,-5.162,0.162,8.016,-7.854,0.25,10.064,-10.064,-9.814,0.287,10.218,-9.93,0.273,0.487,-0.214,0.625,2.97,-2.345,0.685,0.24,-0.24,0.445,0.601,0.327,0.273,1.349,3.407,-3.407,-2.058,1.226,3.08,-1.854
3.475,0.032,3.948,-3.948,-3.916,0.042,3.974,-3.932,0.06,3.998,-3.938,0.136,6.098,-5.962,0.341,7.737,-7.737,-7.395,0.355,7.663,-7.307,0.369,0.319,0.05,0.731,2.273,-1.543,0.828,0.238,-0.238,0.591,0.842,0.238,0.605,1.721,2.657,-2.657,-0.936,1.563,2.409,-0.846
3.525,0.062,3.146,-3.146,-3.084,0.05,3.186,-3.136,0.056,3.164,-3.108,0.224,4.962,-4.739,0.443,6.11,-6.11,-5.667,0.507,6.283,-5.776,0.503,0.319,0.184,1.124,1.93,-0.806,1.014,0.164,-0.164,0.85,1.072,0.194,0.878,1.96,2.313,-2.313,-0.353,2.002,2.056,-0.054
3.575,0.082,2.794,-2.794,-2.713,0.072,2.814,-2.743,0.076,2.681,-2.605,0.317,4.192,-3.874,0.601,5.423,-5.423,-4.822,0.651,5.309,-4.659,0.645,0.255,0.389,1.339,1.671,-0.331,1.267,0.16,-0.16,1.108,1.289,0.162,1.128,2.605,2.07,-2.07,0.535,2.549,1.81,0.739
3.625,0.07,2.525,-2.525,-2.455,0.082,2.581,-2.499,0.09,2.583,-2.493,0.379,3.884,-3.505,0.776,4.956,-4.956,-4.18,0.78,5.216,-4.435,0.788,0.333,0.455,1.882,1.629,0.253,1.699,0.126,-0.126,1.573,1.627,0.158,1.469,3.289,1.94,-1.94,1.349,3.08,1.745,1.335
3.675,0.112,2.567,-2.567,-2.455,0.09,2.509,-2.419,0.138,2.505,-2.367,0.439,3.948,-3.509,0.914,4.719,-4.719,-3.804,1.078,4.834,-3.756,0.918,0.224,0.695,2.405,1.459,0.946,2.174,0.16,-0.16,2.014,1.994,0.132,1.862,4.255,1.741,-1.741,2.515,4.102,1.553,2.549
3.725,0.124,2.551,-2.551,-2.427,0.154,2.743,-2.589,0.16,2.617,-2.457,0.639,3.922,-3.283,1.16,4.788,-4.788,-3.629,1.295,4.739,-3.443,1.305,0.253,1.052,3.046,1.589,1.457,2.735,0.134,-0.134,2.601,2.635,0.16,2.475,5.19,1.872,-1.872,3.317,5.072,1.591,3.481
3.775,0.204,2.511,-2.511,-2.307,0.162,2.84,-2.679,0.192,2.599,-2.407,0.754,4.289,-3.535,1.491,5.014,-5.014,-3.523,1.573,4.812,-3.24,1.589,0.265,1.323,3.713,1.653,2.06,3.313,0.15,-0.15,3.164,3.21,0.156,3.054,6.407,1.99,-1.99,4.417,6.319,1.645,4.675
3.825,0.236,2.571,-2.571,-2.335,0.204,2.876,-2.673,0.289,2.806,-2.517,1.002,4.232,-3.23,1.79,5.128,-5.128,-3.337,1.996,5.311,-3.315,1.994,0.238,1.756,4.491,1.585,2.906,4.028,0.142,-0.142,3.886,3.802,0.172,3.631,7.667,1.996,-1.996,5.671,7.762,1.737,6.026
3.875,0.246,2.918,-2.918,-2.673,0.248,2.908,-2.661,0.261,2.97,-2.709,1.194,4.379,-3.186,2.094,5.683,-5.683,-3.589,2.435,5.497,-3.062,2.405,0.242,2.164,5.379,1.723,3.657,4.814,0.176,-0.176,4.639,4.435,0.194,4.242,9.279,2.1,-2.1,7.18,9.271,1.968,7.303
3.925,0.347,2.95,-2.95,-2.603,0.303,3.136,-2.832,0.393,3.068,-2.675,1.246,4.858,-3.613,2.659,5.796,-5.796,-3.138,2.78,5.701,-2.92,2.711,0.283,2.427,6.333,2.01,4.323,5.341,0.178,-0.178,5.164,5.162,0.222,4.94,10.174,2.325,-2.325,7.848,10.285,2.07,8.216
3.975,0.373,2.934,-2.934,-2.561,0.307,3.257,-2.95,0.423,3.285,-2.862,1.513,4.988,-3.475,2.974,6.383,-6.383,-3.409,3.174,5.719,-2.545,2.942,0.293,2.649,7.216,2.116,5.1,6.028,0.19,-0.19,5.838,5.846,0.2,5.647,11.81,2.415,-2.415,9.395,11.441,2.216,9.226
4.025,0.437,3.028,-3.028,-2.591,0.353,3.501,-3.148,0.455,3.311,-2.856,1.82,4.982,-3.162,3.445,6.543,-6.543,-3.098,3.681,6.158,-2.477,3.232,0.341,2.89,7.896,2.192,5.705,6.467,0.198,-0.198,6.269,6.12,0.2,5.92,12.573,2.585,-2.585,9.988,12.525,2.345,10.18
4.075,0.457,3.154,-3.154,-2.697,0.431,3.435,-3.004,0.435,3.277,-2.842,1.818,5.317,-3.499,3.679,6.641,-6.641,-2.962,3.986,6.503,-2.517,3.277,0.359,2.918,8.395,2.327,6.068,6.964,0.182,-0.182,6.782,6.607,0.216,6.391,13.14,2.846,-2.846,10.293,13.271,2.401,10.87
4.125,0.505,3.136,-3.136,-2.631,0.465,3.341,-2.876,0.553,3.261,-2.709,1.964,5.259,-3.295,4.006,6.862,-6.862,-2.856,4.371,7.006,-2.635,3.431,0.335,3.096,8.854,2.393,6.461,7.214,0.228,-0.228,6.986,6.914,0.212,6.703,13.936,2.776,-2.776,11.16,13.818,2.637,11.182
4.175,0.559,3.341,-3.341,-2.782,0.489,3.401,-2.912,0.495,3.665,-3.17,2.273,5.299,-3.026,4.234,7.293,-7.293,-3.06,4.589,6.938,-2.349,3.659,0.433,3.226,8.932,2.603,6.329,7.122,0.232,-0.232,6.89,6.97,0.234,6.737,14.661,3.042,-3.042,11.619,14.188,2.627,11.561
4.225,0.561,3.246,-3.246,-2.685,0.505,3.397,-2.892,0.519,3.457,-2.938,2.351,5.437,-3.086,4.609,7.198,-7.198,-2.589,4.727,7.21,-2.483,3.661,0.483,3.178,8.88,2.762,6.118,7.297,0.261,-0.261,7.036,6.689,0.307,6.381,14.359,3.172,-3.172,11.188,14.651,2.768,11.882
4.275,0.515,3.475,-3.475,-2.96,0.501,3.523,-3.022,0.531,3.475,-2.944,2.287,5.379,-3.092,4.756,7.385,-7.385,-2.629,5.13,7.349,-2.22,3.523,0.485,3.038,9.257,2.868,6.389,7.182,0.269,-0.269,6.912,6.754,0.309,6.445,14.427,3.253,-3.253,11.174,14.21,3.064,11.146
4.325,0.543,3.409,-3.409,-2.866,0.539,3.509,-2.97,0.535,3.553,-3.018,2.437,5.319,-2.882,5.004,7.373,-7.373,-2.369,5.194,7.659,-2.465,3.501,0.481,3.02,9.104,3.098,6.006,7.285,0.234,-0.234,7.052,6.717,0.299,6.417,14.421,3.248,-3.248,11.174,14.054,3.048,11.006
4.375,0.581,3.269,-3.269,-2.689,0.511,3.427,-2.916,0.551,3.387,-2.836,2.455,5.359,-2.904,4.922,7.327,-7.327,-2.405,5.202,7.497,-2.295,3.471,0.467,3.004,9.265,3.046,6.22,7.012,0.273,-0.273,6.739,6.255,0.293,5.962,14.172,3.547,-3.547,10.625,13.842,3.232,10.611
4.425,0.507,3.216,-3.216,-2.709,0.493,3.311,-2.818,0.545,3.573,-3.028,2.565,5.216,-2.651,4.882,7.253,-7.253,-2.371,5.401,7.613,-2.212,3.321,0.439,2.882,8.928,2.916,6.012,6.603,0.285,-0.285,6.317,6.275,0.335,5.94,13.954,3.421,-3.421,10.533,13.643,3.345,10.297
4.475,0.591,3.07,-3.07,-2.479,0.579,3.22,-2.641,0.573,3.309,-2.737,2.463,5.405,-2.942,5.06,7.403,-7.403,-2.343,5.371,7.633,-2.261,3.22,0.529,2.691,8.617,3,5.617,6.485,0.285,-0.285,6.2,6.08,0.317,5.762,13.547,3.449,-3.449,10.098,13.144,3.397,9.747
4.525,0.531,3.008,-3.008,-2.477,0.555,3.411,-2.856,0.531,3.124,-2.593,2.509,5.098,-2.589,5.156,7.178,-7.178,-2.022,5.377,7.244,-1.866,3.156,0.495,2.661,8.519,3.102,5.417,6.094,0.269,-0.269,5.824,5.822,0.333,5.489,12.715,3.549,-3.549,9.166,12.633,3.062,9.571
4.575,0.563,3.006,-3.006,-2.443,0.589,3.012,-2.423,0.525,3.184,-2.659,2.473,4.896,-2.423,4.996,7.182,-7.182,-2.186,5.295,7.305,-2.01,2.95,0.487,2.463,8.136,3.134,5.002,5.758,0.257,-0.257,5.501,5.591,0.353,5.238,12.132,3.347,-3.347,8.784,12.214,3.144,9.07
4.625,0.595,2.786,-2.786,-2.192,0.601,2.934,-2.333,0.573,2.982,-2.409,2.433,4.842,-2.409,4.984,7.052,-7.052,-2.068,4.998,7.008,-2.01,2.83,0.491,2.339,8.05,2.749,5.301,5.329,0.279,-0.279,5.05,5.138,0.317,4.82,12.074,3.325,-3.325,8.749,11.834,3.192,8.643
4.675,0.533,2.894,-2.894,-2.361,0.531,2.994,-2.463,0.571,2.91,-2.339,2.439,4.725,-2.285,4.717,6.946,-6.946,-2.23,4.994,6.657,-1.663,2.495,0.467,2.028,7.473,2.892,4.581,5.148,0.279,-0.279,4.868,4.926,0.281,4.645,11.359,3.411,-3.411,7.948,11.24,3.034,8.206
4.725,0.481,2.679,-2.679,-2.198,0.457,2.752,-2.295,0.507,2.695,-2.188,2.345,4.571,-2.226,4.631,6.547,-6.547,-1.916,4.78,6.717,-1.936,2.421,0.399,2.022,7.212,3.094,4.118,4.703,0.224,-0.224,4.479,4.581,0.305,4.275,10.475,3.242,-3.242,7.234,10.613,3.108,7.505
4.775,0.531,2.637,-2.637,-2.106,0.493,2.607,-2.114,0.513,2.573,-2.06,2.242,4.367,-2.126,4.421,6.441,-6.441,-2.02,4.613,6.701,-2.088,2.311,0.453,1.858,6.868,2.954,3.914,4.285,0.309,-0.309,3.976,4.114,0.261,3.852,9.685,3.12,-3.12,6.565,9.589,2.956,6.633
4.825,0.411,2.431,-2.431,-2.02,0.485,2.531,-2.046,0.415,2.429,-2.014,2.102,4.331,-2.23,4.275,6.1,-6.1,-1.824,4.265,6.339,-2.074,2.253,0.411,1.842,6.208,2.898,3.309,4.076,0.242,-0.242,3.834,3.824,0.359,3.465,9.054,3.01,-3.01,6.044,9.068,2.958,6.11
4.875,0.419,2.361,-2.361,-1.942,0.391,2.465,-2.074,0.387,2.23,-1.842,1.986,4,-2.014,4.056,5.954,-5.954,-1.898,4.098,6.134,-2.036,1.984,0.439,1.545,5.916,2.796,3.12,3.697,0.261,-0.261,3.435,3.733,0.261,3.471,8.493,3.194,-3.194,5.299,8.535,2.796,5.739
4.925,0.371,2.349,-2.349,-1.978,0.375,2.461,-2.086,0.397,2.277,-1.88,1.701,4.182,-2.481,3.778,5.894,-5.894,-2.116,3.756,5.834,-2.078,1.878,0.431,1.447,5.198,2.611,2.587,3.423,0.287,-0.287,3.136,3.194,0.251,2.942,7.8,3.028,-3.028,4.772,7.673,2.804,4.868
4.975,0.389,2.337,-2.337,-1.948,0.351,2.285,-1.934,0.335,2.236,-1.9,1.661,3.866,-2.206,3.355,5.711,-5.711,-2.355,3.533,5.838,-2.305,1.671,0.397,1.273,4.926,2.78,2.146,2.934,0.228,-0.228,2.707,2.922,0.261,2.661,7.273,2.936,-2.936,4.337,7.116,2.776,4.339
5.025,0.289,2.204,-2.204,-1.914,0.371,2.212,-1.84,0.331,2.142,-1.81,1.635,3.844,-2.21,2.998,5.401,-5.401,-2.403,3.273,5.549,-2.275,1.491,0.405,1.086,4.535,2.729,1.806,2.792,0.263,-0.263,2.529,2.747,0.265,2.481,6.393,2.89,-2.89,3.503,6.487,2.659,3.828
5.075,0.353,2,-2,-1.647,0.293,2.303,-2.01,0.242,2.186,-1.944,1.427,3.627,-2.2,2.802,5.487,-5.487,-2.685,2.994,5.609,-2.615,1.383,0.343,1.04,4.082,2.587,1.495,2.573,0.246,-0.246,2.327,2.417,0.265,2.152,6.124,2.892,-2.892,3.232,5.884,2.615,3.269
5.125,0.273,2.06,-2.06,-1.786,0.307,1.964,-1.657,0.301,2.098,-1.796,1.397,3.593,-2.196,2.701,5.485,-5.485,-2.784,2.802,5.357,-2.555,1.238,0.385,0.852,3.874,2.445,1.429,2.425,0.242,-0.242,2.184,2.279,0.263,2.016,5.285,2.922,-2.922,2.363,5.355,2.697,2.659
5.175,0.283,2.12,-2.12,-1.836,0.255,2.066,-1.81,0.232,2.066,-1.834,1.228,3.685,-2.457,2.405,5.196,-5.196,-2.79,2.505,5.409,-2.904,1.16,0.405,0.754,3.699,2.595,1.104,2.208,0.218,-0.218,1.99,2.082,0.253,1.828,4.992,2.86,-2.86,2.132,5.06,2.611,2.449
5.225,0.261,1.946,-1.946,-1.685,0.261,1.984,-1.723,0.257,1.992,-1.735,1.172,3.481,-2.309,2.447,5.178,-5.178,-2.731,2.349,5.042,-2.693,1.01,0.363,0.647,3.479,2.427,1.052,2.08,0.234,-0.234,1.846,1.952,0.216,1.737,4.735,2.898,-2.898,1.836,4.729,2.687,2.042
5.275,0.277,1.948,-1.948,-1.671,0.242,2.032,-1.79,0.234,2.012,-1.778,1.086,3.537,-2.451,2.226,4.986,-4.986,-2.76,2.419,5.226,-2.806,1.016,0.399,0.617,3.15,2.537,0.613,1.924,0.218,-0.218,1.707,1.802,0.251,1.551,4.645,2.671,-2.671,1.974,4.405,2.557,1.848
5.325,0.204,1.97,-1.97,-1.766,0.267,1.948,-1.681,0.232,1.954,-1.723,1.124,3.287,-2.164,2.297,4.82,-4.82,-2.523,2.255,5.03,-2.774,1.016,0.333,0.683,3.22,2.407,0.812,1.878,0.265,-0.265,1.613,1.733,0.273,1.459,4.337,2.661,-2.661,1.677,4.447,2.647,1.8
5.375,0.222,1.844,-1.844,-1.623,0.261,1.828,-1.567,0.216,1.834,-1.619,1.116,3.309,-2.194,2.076,4.834,-4.834,-2.758,2.244,4.968,-2.725,0.99,0.349,0.641,3.034,2.427,0.607,1.85,0.238,-0.238,1.613,1.637,0.251,1.385,4.102,2.828,-2.828,1.273,4.21,2.587,1.623
5.425,0.198,1.82,-1.82,-1.623,0.23,1.8,-1.571,0.22,1.778,-1.559,1.144,3.114,-1.97,2.152,4.898,-4.898,-2.747,2.186,5.044,-2.858,0.89,0.429,0.461,3.028,2.347,0.681,1.683,0.271,-0.271,1.411,1.623,0.244,1.379,4.078,2.824,-2.824,1.253,4.186,2.419,1.766
5.475,0.218,1.772,-1.772,-1.555,0.204,1.782,-1.579,0.226,1.701,-1.475,1.084,3.218,-2.134,2.14,4.838,-4.838,-2.699,2.248,4.778,-2.531,0.992,0.353,0.639,2.862,2.433,0.429,1.687,0.255,-0.255,1.431,1.647,0.267,1.379,3.874,2.695,-2.695,1.18,3.926,2.453,1.473
5.525,0.232,1.778,-1.778,-1.547,0.238,1.778,-1.541,0.212,1.774,-1.563,1.046,3.064,-2.018,2.238,4.657,-4.657,-2.419,2.072,4.743,-2.671,0.896,0.353,0.543,2.792,2.479,0.313,1.691,0.255,-0.255,1.435,1.605,0.238,1.367,4.032,2.711,-2.711,1.321,4.02,2.445,1.575
5.575,0.23,1.743,-1.743,-1.513,0.216,1.796,-1.581,0.188,1.675,-1.487,1.068,3.036,-1.968,2.064,4.864,-4.864,-2.8,2.18,4.615,-2.435,0.898,0.347,0.551,2.97,2.601,0.369,1.689,0.218,-0.218,1.471,1.629,0.244,1.385,4.028,2.762,-2.762,1.265,4.038,2.453,1.585
5.625,0.263,1.772,-1.772,-1.509,0.218,1.639,-1.421,0.25,1.657,-1.407,1.22,2.978,-1.758,2.178,4.543,-4.543,-2.365,2.399,4.683,-2.283,1.014,0.373,0.641,2.876,2.242,0.635,1.567,0.285,-0.285,1.281,1.611,0.238,1.373,4.279,2.715,-2.715,1.565,4.056,2.517,1.539
5.675,0.23,1.619,-1.619,-1.389,0.259,1.697,-1.437,0.275,1.585,-1.309,1.206,3.168,-1.962,2.132,4.501,-4.501,-2.369,2.253,4.495,-2.242,1.068,0.317,0.75,3.012,2.521,0.491,1.719,0.279,-0.279,1.439,1.597,0.234,1.363,4.132,2.699,-2.699,1.433,4.12,2.573,1.547
5.725,0.269,1.701,-1.701,-1.431,0.236,1.663,-1.427,0.224,1.673,-1.449,1.228,2.872,-1.645,2.222,4.547,-4.547,-2.325,2.345,4.745,-2.399,0.922,0.383,0.539,3.078,2.403,0.675,1.607,0.269,-0.269,1.337,1.537,0.253,1.283,4.058,2.81,-2.81,1.248,4.136,2.581,1.555
5.775,0.232,1.599,-1.599,-1.367,0.226,1.529,-1.303,0.22,1.613,-1.393,1.13,2.974,-1.844,2.427,4.475,-4.475,-2.048,2.499,4.473,-1.974,0.898,0.347,0.551,3.148,2.397,0.75,1.677,0.23,-0.23,1.447,1.577,0.212,1.365,4.387,2.687,-2.687,1.701,4.188,2.593,1.595
5.825,0.281,1.595,-1.595,-1.313,0.269,1.605,-1.335,0.236,1.569,-1.333,1.094,3.022,-1.928,2.399,4.401,-4.401,-2.002,2.437,4.419,-1.982,1.004,0.377,0.627,3.062,2.481,0.581,1.804,0.261,-0.261,1.543,1.583,0.251,1.331,4.275,2.739,-2.739,1.537,4.489,2.485,2.004
5.875,0.301,1.659,-1.659,-1.357,0.21,1.607,-1.397,0.242,1.527,-1.285,1.166,3.028,-1.862,2.465,4.423,-4.423,-1.958,2.557,4.345,-1.788,1.038,0.355,0.683,3.281,2.471,0.81,1.605,0.25,-0.25,1.355,1.667,0.283,1.383,4.194,2.76,-2.76,1.433,4.537,2.533,2.004
5.925,0.279,1.525,-1.525,-1.246,0.25,1.599,-1.349,0.244,1.551,-1.307,1.291,2.934,-1.643,2.449,4.513,-4.513,-2.064,2.599,4.417,-1.818,1.092,0.371,0.721,3.19,2.469,0.721,1.731,0.277,-0.277,1.453,1.583,0.242,1.341,4.277,2.758,-2.758,1.519,4.501,2.625,1.876
5.975,0.281,1.647,-1.647,-1.365,0.289,1.527,-1.238,0.265,1.657,-1.391,1.311,2.944,-1.633,2.581,4.425,-4.425,-1.844,2.611,4.495,-1.884,1.04,0.403,0.637,3.389,2.507,0.882,1.812,0.22,-0.22,1.593,1.717,0.24,1.477,4.409,2.84,-2.84,1.569,4.517,2.691,1.826
6.025,0.283,1.593,-1.593,-1.309,0.246,1.579,-1.333,0.279,1.479,-1.2,1.265,2.984,-1.719,2.635,4.577,-4.577,-1.942,2.635,4.437,-1.802,1.086,0.339,0.747,3.305,2.575,0.731,1.894,0.222,-0.222,1.673,1.679,0.273,1.405,4.463,2.94,-2.94,1.523,4.523,2.557,1.966
6.075,0.297,1.541,-1.541,-1.244,0.313,1.537,-1.224,0.259,1.557,-1.297,1.311,2.782,-1.471,2.705,4.493,-4.493,-1.788,2.611,4.681,-2.07,1.054,0.415,0.639,3.403,2.529,0.874,1.826,0.234,-0.234,1.593,1.713,0.301,1.411,4.485,2.982,-2.982,1.503,4.433,2.832,1.601
6.125,0.234,1.645,-1.645,-1.411,0.271,1.541,-1.269,0.234,1.619,-1.385,1.381,2.858,-1.477,2.623,4.605,-4.605,-1.982,2.804,4.531,-1.727,1.122,0.391,0.731,3.497,2.601,0.896,1.804,0.248,-0.248,1.557,1.804,0.279,1.525,4.745,2.86,-2.86,1.884,4.571,2.729,1.842
6.175,0.283,1.475,-1.475,-1.192,0.279,1.619,-1.339,0.293,1.523,-1.23,1.435,2.896,-1.461,2.665,4.487,-4.487,-1.822,2.788,4.631,-1.842,1.096,0.401,0.695,3.629,2.557,1.072,1.85,0.311,-0.311,1.539,1.764,0.263,1.501,4.629,3.102,-3.102,1.527,4.663,2.75,1.912
6.225,0.307,1.557,-1.557,-1.25,0.271,1.595,-1.323,0.305,1.583,-1.277,1.347,2.912,-1.565,2.816,4.547,-4.547,-1.731,2.776,4.529,-1.752,1.166,0.403,0.762,3.467,2.717,0.75,1.914,0.24,-0.24,1.675,1.884,0.285,1.599,4.595,3.008,-3.008,1.587,4.872,2.858,2.014
6.275,0.327,1.569,-1.569,-1.242,0.273,1.447,-1.174,0.315,1.521,-1.206,1.467,3.008,-1.541,2.798,4.725,-4.725,-1.926,3.082,4.633,-1.551,1.142,0.421,0.721,3.625,2.621,1.004,1.81,0.285,-0.285,1.525,1.683,0.255,1.427,4.754,2.924,-2.924,1.83,4.858,3.006,1.852
6.325,0.315,1.615,-1.615,-1.299,0.289,1.509,-1.22,0.269,1.553,-1.283,1.413,3.002,-1.589,2.91,4.784,-4.784,-1.874,2.97,4.647,-1.677,1.114,0.371,0.743,3.617,2.804,0.812,1.749,0.281,-0.281,1.467,1.764,0.303,1.461,4.796,3.056,-3.056,1.741,4.778,2.86,1.918
6.375,0.307,1.635,-1.635,-1.327,0.267,1.495,-1.228,0.313,1.563,-1.25,1.497,3.1,-1.603,2.884,4.633,-4.633,-1.749,2.932,4.804,-1.872,1.13,0.433,0.697,3.705,2.838,0.866,1.836,0.311,-0.311,1.525,1.784,0.295,1.489,4.713,3.108,-3.108,1.605,4.774,2.974,1.8
6.425,0.297,1.527,-1.527,-1.23,0.291,1.565,-1.273,0.273,1.619,-1.345,1.483,3.202,-1.719,2.872,4.946,-4.946,-2.074,3.084,4.651,-1.567,1.088,0.407,0.681,3.579,2.87,0.709,1.784,0.289,-0.289,1.495,1.764,0.281,1.483,4.94,3.18,-3.18,1.76,4.85,2.884,1.966
6.475,0.313,1.709,-1.709,-1.395,0.335,1.599,-1.263,0.353,1.629,-1.275,1.569,3.22,-1.651,2.982,4.828,-4.828,-1.846,3.048,4.844,-1.796,1.16,0.409,0.75,3.747,2.852,0.894,1.725,0.257,-0.257,1.467,1.683,0.297,1.385,4.864,3.238,-3.238,1.627,4.752,3.076,1.677
6.525,0.379,1.621,-1.621,-1.242,0.295,1.565,-1.269,0.295,1.497,-1.202,1.539,3.198,-1.659,3.04,4.802,-4.802,-1.762,3.082,4.852,-1.77,1.19,0.455,0.735,3.723,2.93,0.792,1.824,0.287,-0.287,1.537,1.659,0.271,1.387,4.687,3.337,-3.337,1.349,4.731,3.128,1.603
6.575,0.291,1.603,-1.603,-1.311,0.315,1.577,-1.261,0.321,1.603,-1.281,1.493,3.05,-1.557,3.15,4.974,-4.974,-1.824,3.13,4.886,-1.756,1.196,0.415,0.78,3.91,2.956,0.954,1.82,0.313,-0.313,1.507,1.784,0.317,1.467,4.81,3.383,-3.383,1.427,4.806,3.1,1.707
6.625,0.297,1.621,-1.621,-1.323,0.361,1.491,-1.13,0.281,1.539,-1.257,1.515,3.192,-1.677,3.13,4.711,-4.711,-1.581,3.08,5.006,-1.926,1.271,0.397,0.874,3.832,2.898,0.934,1.794,0.319,-0.319,1.475,1.798,0.319,1.479,4.782,3.435,-3.435,1.347,4.892,3.269,1.623
6.675,0.353,1.715,-1.715,-1.361,0.311,1.601,-1.289,0.291,1.697,-1.405,1.631,3.046,-1.415,2.994,4.894,-4.894,-1.9,3.112,4.922,-1.81,1.128,0.475,0.653,3.717,2.968,0.749,1.77,0.307,-0.307,1.463,1.788,0.295,1.493,5.038,3.459,-3.459,1.579,4.725,3.2,1.525
6.725,0.395,1.589,-1.589,-1.194,0.263,1.545,-1.281,0.375,1.627,-1.251,1.571,3.194,-1.623,3.07,4.906,-4.906,-1.836,3.166,4.888,-1.723,1.242,0.441,0.8,3.685,2.876,0.808,1.906,0.295,-0.295,1.611,1.729,0.313,1.415,4.962,3.317,-3.317,1.645,4.856,3.094,1.762
6.775,0.349,1.613,-1.613,-1.263,0.325,1.511,-1.186,0.347,1.713,-1.365,1.679,3.07,-1.391,3.034,4.671,-4.671,-1.637,3.076,4.758,-1.683,1.277,0.459,0.818,3.81,2.838,0.972,1.848,0.303,-0.303,1.545,1.677,0.293,1.383,4.926,3.228,-3.228,1.699,5.028,3.102,1.926
6.825,0.343,1.573,-1.573,-1.23,0.329,1.649,-1.319,0.283,1.599,-1.315,1.591,3.04,-1.449,3.12,4.667,-4.667,-1.547,3.14,4.655,-1.515,1.15,0.363,0.786,3.681,2.778,0.902,1.701,0.319,-0.319,1.381,1.749,0.277,1.471,4.772,3.357,-3.357,1.415,4.868,3.118,1.75
6.875,0.313,1.553,-1.553,-1.24,0.321,1.583,-1.261,0.307,1.593,-1.285,1.665,3.208,-1.543,3.24,4.677,-4.677,-1.437,3.188,4.721,-1.533,1.166,0.429,0.737,3.611,2.968,0.643,1.737,0.309,-0.309,1.427,1.747,0.263,1.483,4.758,3.457,-3.457,1.301,5.056,3.234,1.822
6.925,0.317,1.437,-1.437,-1.12,0.315,1.577,-1.261,0.331,1.565,-1.234,1.687,2.954,-1.267,3.148,4.749,-4.749,-1.601,3.323,4.908,-1.585,1.158,0.465,0.693,3.637,2.747,0.89,1.653,0.293,-0.293,1.359,1.617,0.331,1.285,4.832,3.397,-3.397,1.435,4.948,3.13,1.818
6.975,0.365,1.405,-1.405,-1.04,0.311,1.477,-1.166,0.335,1.369,-1.034,1.687,3.022,-1.335,3.162,4.523,-4.523,-1.361,3.152,4.836,-1.685,1.11,0.375,0.735,3.8,2.758,1.042,1.697,0.313,-0.313,1.383,1.663,0.275,1.387,4.816,3.257,-3.257,1.559,4.655,3.126,1.529
7.025,0.335,1.495,-1.495,-1.16,0.365,1.381,-1.016,0.327,1.497,-1.17,1.605,2.948,-1.343,3.12,4.571,-4.571,-1.451,3.415,4.337,-0.922,1.09,0.407,0.683,3.705,2.804,0.9,1.633,0.295,-0.295,1.337,1.663,0.267,1.395,4.693,3.19,-3.19,1.503,4.892,3.186,1.707
7.075,0.305,1.447,-1.447,-1.142,0.301,1.563,-1.261,0.315,1.383,-1.068,1.545,2.75,-1.206,3.315,4.491,-4.491,-1.176,3.174,4.465,-1.291,1.164,0.383,0.78,3.671,2.802,0.868,1.709,0.311,-0.311,1.397,1.597,0.329,1.267,4.858,3.301,-3.301,1.557,4.697,3.038,1.659
7.125,0.303,1.491,-1.491,-1.188,0.317,1.329,-1.012,0.321,1.401,-1.08,1.621,2.864,-1.244,3.122,4.529,-4.529,-1.407,3.144,4.343,-1.2,1.228,0.407,0.82,3.695,2.818,0.876,1.569,0.287,-0.287,1.281,1.485,0.281,1.204,4.581,3.253,-3.253,1.327,4.685,3.032,1.653
7.175,0.329,1.375,-1.375,-1.046,0.339,1.299,-0.96,0.327,1.415,-1.088,1.563,2.842,-1.279,3.242,4.325,-4.325,-1.084,3.154,4.427,-1.273,1.116,0.437,0.679,3.641,2.733,0.908,1.589,0.267,-0.267,1.321,1.629,0.267,1.361,4.723,3.238,-3.238,1.485,4.741,3.142,1.599
7.225,0.383,1.497,-1.497,-1.114,0.307,1.431,-1.124,0.321,1.423,-1.102,1.575,2.846,-1.271,3.212,4.491,-4.491,-1.279,3.19,4.371,-1.182,1.074,0.389,0.685,3.591,2.667,0.924,1.563,0.313,-0.313,1.25,1.615,0.309,1.305,4.523,3.148,-3.148,1.375,4.553,3.07,1.483
7.275,0.359,1.405,-1.405,-1.046,0.363,1.437,-1.074,0.289,1.325,-1.036,1.641,2.657,-1.016,3.084,4.273,-4.273,-1.19,3.246,4.481,-1.236,1.05,0.407,0.643,3.511,2.741,0.77,1.659,0.315,-0.315,1.343,1.529,0.251,1.277,4.685,3.244,-3.244,1.441,4.551,3.176,1.375
7.325,0.297,1.297,-1.297,-1,0.289,1.435,-1.146,0.321,1.375,-1.054,1.667,2.697,-1.03,3.13,4.21,-4.21,-1.08,3.198,4.236,-1.038,1.122,0.439,0.683,3.551,2.699,0.852,1.555,0.307,-0.307,1.248,1.487,0.275,1.212,4.543,3.152,-3.152,1.391,4.383,2.892,1.491
7.375,0.293,1.299,-1.299,-1.006,0.297,1.365,-1.068,0.291,1.341,-1.05,1.577,2.766,-1.19,3.144,4.17,-4.17,-1.026,3.086,4.295,-1.21,1.072,0.445,0.627,3.553,2.587,0.966,1.639,0.317,-0.317,1.321,1.385,0.315,1.07,4.659,2.988,-2.988,1.671,4.385,2.952,1.433
7.425,0.335,1.327,-1.327,-0.992,0.319,1.263,-0.944,0.293,1.281,-0.988,1.687,2.657,-0.97,3.044,4.22,-4.22,-1.176,3.038,4.052,-1.014,1.004,0.425,0.579,3.621,2.693,0.928,1.585,0.301,-0.301,1.283,1.443,0.279,1.164,4.681,3.18,-3.18,1.501,4.591,2.952,1.639
7.475,0.339,1.351,-1.351,-1.012,0.383,1.309,-0.926,0.309,1.277,-0.968,1.649,2.545,-0.896,3.168,4.11,-4.11,-0.942,3.084,3.948,-0.864,1.052,0.347,0.705,3.451,2.745,0.707,1.465,0.295,-0.295,1.17,1.443,0.257,1.186,4.411,3.082,-3.082,1.329,4.313,2.918,1.395
7.525,0.303,1.24,-1.24,-0.936,0.335,1.347,-1.012,0.331,1.261,-0.93,1.667,2.541,-0.874,2.966,4.104,-4.104,-1.138,3.086,4.228,-1.142,1.016,0.455,0.561,3.587,2.581,1.006,1.481,0.293,-0.293,1.188,1.373,0.311,1.062,4.527,3.078,-3.078,1.449,4.707,2.846,1.86
7.575,0.301,1.194,-1.194,-0.892,0.383,1.353,-0.97,0.321,1.18,-0.858,1.549,2.539,-0.99,3.16,4.04,-4.04,-0.88,3.178,3.95,-0.772,0.95,0.379,0.571,3.459,2.581,0.878,1.481,0.251,-0.251,1.23,1.445,0.301,1.144,4.497,3.024,-3.024,1.473,4.397,2.952,1.445
7.625,0.373,1.174,-1.174,-0.8,0.285,1.251,-0.966,0.277,1.218,-0.94,1.583,2.509,-0.926,3.048,3.892,-3.892,-0.844,2.962,3.98,-1.018,1.024,0.389,0.635,3.545,2.639,0.906,1.483,0.277,-0.277,1.206,1.365,0.317,1.048,4.579,2.928,-2.928,1.651,4.461,2.685,1.776
7.675,0.319,1.104,-1.104,-0.784,0.289,1.218,-0.928,0.327,1.18,-0.852,1.701,2.491,-0.79,2.982,3.93,-3.93,-0.948,3.186,4.04,-0.854,1.082,0.383,0.699,3.459,2.555,0.904,1.499,0.291,-0.291,1.208,1.371,0.265,1.106,4.379,3.042,-3.042,1.337,4.242,2.85,1.391
7.725,0.329,1.178,-1.178,-0.848,0.319,1.152,-0.832,0.317,1.202,-0.884,1.631,2.417,-0.786,3.09,4,-4,-0.91,3.164,3.964,-0.8,1.014,0.353,0.661,3.441,2.529,0.912,1.377,0.246,-0.246,1.132,1.335,0.285,1.05,4.361,2.906,-2.906,1.455,4.489,2.78,1.709
7.775,0.363,1.224,-1.224,-0.86,0.323,1.196,-0.872,0.319,1.253,-0.934,1.585,2.461,-0.876,3.086,3.848,-3.848,-0.762,3.15,3.916,-0.766,0.976,0.395,0.581,3.453,2.631,0.822,1.509,0.313,-0.313,1.196,1.367,0.293,1.074,4.275,3.06,-3.06,1.216,4.371,2.766,1.605
7.825,0.321,1.222,-1.222,-0.9,0.319,1.182,-0.862,0.303,1.208,-0.904,1.559,2.543,-0.984,2.98,3.677,-3.677,-0.697,3.06,3.888,-0.828,0.988,0.397,0.591,3.345,2.529,0.816,1.457,0.293,-0.293,1.164,1.397,0.279,1.118,4.246,2.836,-2.836,1.409,4.198,2.745,1.453
7.875,0.343,1.162,-1.162,-0.818,0.337,1.15,-0.812,0.289,1.174,-0.884,1.597,2.405,-0.808,3.002,3.892,-3.892,-0.89,3.056,3.856,-0.8,0.958,0.409,0.549,3.475,2.525,0.95,1.341,0.303,-0.303,1.038,1.305,0.279,1.026,4.405,2.888,-2.888,1.517,4.23,2.721,1.509
7.925,0.341,1.16,-1.16,-0.818,0.351,1.176,-0.824,0.353,1.106,-0.752,1.579,2.501,-0.922,3.188,3.752,-3.752,-0.565,3.126,3.848,-0.723,0.966,0.363,0.603,3.295,2.501,0.794,1.331,0.333,-0.333,0.998,1.248,0.238,1.01,4.303,2.958,-2.958,1.345,4.14,2.858,1.281
7.975,0.327,1.158,-1.158,-0.83,0.323,1.246,-0.922,0.281,1.158,-0.876,1.539,2.329,-0.79,3.168,3.888,-3.888,-0.721,3.116,3.733,-0.617,0.962,0.381,0.581,3.407,2.573,0.834,1.343,0.289,-0.289,1.054,1.335,0.303,1.032,4.174,2.976,-2.976,1.198,4.158,2.774,1.383
8.025,0.335,1.072,-1.072,-0.737,0.303,1.068,-0.764,0.293,1.142,-0.848,1.547,2.347,-0.8,2.858,3.774,-3.774,-0.916,3.178,3.788,-0.611,1.072,0.379,0.693,3.345,2.577,0.768,1.429,0.293,-0.293,1.136,1.383,0.279,1.104,4.234,2.938,-2.938,1.295,4.259,2.832,1.427
8.075,0.325,1.238,-1.238,-0.912,0.287,1.056,-0.768,0.329,1.18,-0.85,1.609,2.419,-0.81,3.074,3.739,-3.739,-0.665,3.094,3.826,-0.733,0.93,0.365,0.565,3.493,2.443,1.05,1.297,0.279,-0.279,1.018,1.279,0.261,1.018,4.267,2.994,-2.994,1.273,4.1,2.713,1.387
8.125,0.321,1.108,-1.108,-0.786,0.339,1.166,-0.826,0.319,1.118,-0.798,1.531,2.291,-0.76,3.132,3.762,-3.762,-0.631,3.156,3.83,-0.675,1.1,0.353,0.747,3.443,2.637,0.806,1.349,0.287,-0.287,1.062,1.331,0.317,1.014,4.192,3.024,-3.024,1.168,4.206,2.816,1.389
8.175,0.315,1.118,-1.118,-0.802,0.315,1.096,-0.78,0.319,1.09,-0.77,1.593,2.307,-0.715,3.116,3.713,-3.713,-0.597,3.072,3.824,-0.752,0.99,0.367,0.623,3.315,2.601,0.715,1.403,0.277,-0.277,1.126,1.379,0.259,1.12,4.337,2.91,-2.91,1.427,4.13,3.048,1.082
8.225,0.337,1.126,-1.126,-0.788,0.319,1.146,-0.826,0.273,1.138,-0.864,1.561,2.349,-0.788,3.15,3.737,-3.737,-0.587,3.084,3.906,-0.822,0.976,0.397,0.579,3.371,2.597,0.774,1.251,0.287,-0.287,0.964,1.287,0.267,1.02,4.277,2.98,-2.98,1.297,4.104,2.932,1.172
8.275,0.341,1.08,-1.08,-0.739,0.341,1.146,-0.804,0.285,1.142,-0.856,1.515,2.379,-0.864,2.922,3.816,-3.816,-0.894,3.064,3.695,-0.631,1.032,0.377,0.655,3.208,2.403,0.804,1.25,0.303,-0.303,0.946,1.281,0.293,0.988,4.255,3.112,-3.112,1.144,4.048,2.711,1.337
8.325,0.325,1.048,-1.048,-0.723,0.291,1.154,-0.862,0.299,1.142,-0.842,1.571,2.451,-0.88,3.09,3.88,-3.88,-0.79,3.002,3.792,-0.79,0.96,0.395,0.565,3.301,2.459,0.842,1.253,0.275,-0.275,0.978,1.192,0.313,0.878,4.186,3.164,-3.164,1.022,4.094,2.936,1.158
8.375,0.337,1.194,-1.194,-0.856,0.365,1.13,-0.764,0.279,1.07,-0.79,1.539,2.467,-0.928,3.132,3.655,-3.655,-0.523,3.108,3.749,-0.641,0.944,0.359,0.585,3.297,2.499,0.798,1.373,0.253,-0.253,1.12,1.319,0.281,1.038,4,2.894,-2.894,1.106,4.056,2.806,1.25
8.425,0.333,1.114,-1.114,-0.78,0.285,1.092,-0.806,0.345,1.038,-0.693,1.641,2.353,-0.713,3.018,3.798,-3.798,-0.78,3.076,3.956,-0.88,1.022,0.423,0.599,3.407,2.631,0.776,1.351,0.319,-0.319,1.032,1.263,0.313,0.95,4.094,2.884,-2.884,1.21,4.128,2.872,1.255
8.475,0.333,1.116,-1.116,-0.782,0.335,1.086,-0.75,0.329,1.188,-0.858,1.597,2.393,-0.796,3.016,3.703,-3.703,-0.687,2.994,3.832,-0.838,0.946,0.449,0.497,3.178,2.477,0.701,1.315,0.259,-0.259,1.056,1.2,0.349,0.85,4.246,3.068,-3.068,1.178,4.072,3.026,1.046
8.525,0.375,1.054,-1.054,-0.679,0.327,1.098,-0.77,0.383,1.196,-0.812,1.507,2.363,-0.856,3.006,3.848,-3.848,-0.842,3.006,3.954,-0.948,0.906,0.407,0.499,3.365,2.615,0.75,1.265,0.307,-0.307,0.958,1.206,0.321,0.884,4.118,3.004,-3.004,1.114,4.032,2.856,1.176
8.575,0.365,1.092,-1.092,-0.727,0.311,1.2,-0.888,0.273,1.261,-0.988,1.627,2.333,-0.707,3.281,3.631,-3.631,-0.349,3.054,3.731,-0.677,0.892,0.349,0.543,3.445,2.641,0.804,1.236,0.283,-0.283,0.952,1.236,0.305,0.93,4.038,3.122,-3.122,0.916,3.88,3.012,0.868
8.625,0.341,1.098,-1.098,-0.756,0.335,1.138,-0.802,0.341,1.056,-0.715,1.557,2.287,-0.731,2.99,3.85,-3.85,-0.86,3.026,3.752,-0.727,0.852,0.387,0.465,3.16,2.551,0.609,1.25,0.271,-0.271,0.978,1.255,0.299,0.956,4.09,2.772,-2.772,1.317,3.95,2.892,1.058
8.675,0.337,1.144,-1.144,-0.806,0.341,1.036,-0.695,0.337,1.104,-0.766,1.579,2.473,-0.894,3.148,3.665,-3.665,-0.517,3.196,3.615,-0.419,0.856,0.417,0.439,3.228,2.555,0.673,1.206,0.281,-0.281,0.924,1.158,0.295,0.862,4.004,3.03,-3.03,0.974,4.006,3,1.006
8.725,0.335,1.098,-1.098,-0.762,0.355,1.104,-0.749,0.323,1.192,-0.868,1.557,2.299,-0.743,3.006,3.926,-3.926,-0.92,3.08,3.984,-0.904,0.98,0.403,0.577,3.283,2.647,0.637,1.283,0.313,-0.313,0.97,1.22,0.321,0.898,4.124,3.126,-3.126,0.998,4.066,2.94,1.126
8.775,0.351,1.126,-1.126,-0.774,0.375,1.144,-0.768,0.325,1.09,-0.764,1.567,2.267,-0.701,3.14,3.838,-3.838,-0.699,3.234,3.958,-0.725,1.018,0.407,0.611,3.291,2.649,0.643,1.134,0.317,-0.317,0.816,1.204,0.325,0.878,4.03,3.026,-3.026,1.004,3.948,3.06,0.888
8.825,0.413,1.132,-1.132,-0.719,0.369,1.076,-0.707,0.303,1.006,-0.703,1.583,2.421,-0.838,2.98,3.972,-3.972,-0.992,3.16,3.96,-0.8,0.918,0.355,0.563,3.279,2.665,0.615,1.142,0.327,-0.327,0.814,1.212,0.309,0.902,3.916,3.279,-3.279,0.637,3.982,2.994,0.988
8.875,0.357,1.128,-1.128,-0.77,0.311,1.07,-0.758,0.353,1.158,-0.804,1.605,2.319,-0.715,2.982,3.838,-3.838,-0.856,3.056,3.866,-0.81,1.022,0.373,0.649,3.038,2.766,0.271,1.194,0.293,-0.293,0.9,1.19,0.301,0.888,3.928,3.164,-3.164,0.764,4.058,2.978,1.08
8.925,0.303,1.09,-1.09,-0.786,0.323,1.098,-0.774,0.339,1.158,-0.818,1.645,2.483,-0.838,3.178,3.776,-3.776,-0.599,3.14,3.758,-0.619,0.936,0.413,0.523,3.22,2.639,0.581,1.172,0.365,-0.365,0.806,1.24,0.273,0.966,4.136,3.138,-3.138,0.998,3.876,2.992,0.884
8.975,0.349,1.114,-1.114,-0.764,0.309,1.15,-0.84,0.275,1.176,-0.9,1.523,2.423,-0.9,3.058,3.76,-3.76,-0.703,3.05,3.95,-0.9,0.986,0.359,0.627,3.307,2.729,0.579,1.072,0.321,-0.321,0.75,1.18,0.345,0.834,3.99,3.12,-3.12,0.87,3.918,2.932,0.986
9.025,0.363,1.034,-1.034,-0.671,0.319,1.078,-0.758,0.351,1.134,-0.782,1.545,2.293,-0.749,2.944,3.864,-3.864,-0.92,3.08,3.852,-0.772,0.878,0.397,0.481,3.214,2.573,0.641,1.22,0.315,-0.315,0.904,1.144,0.323,0.82,4.036,3.114,-3.114,0.922,3.836,3.086,0.75
9.075,0.323,1.106,-1.106,-0.782,0.319,1.132,-0.812,0.285,1.086,-0.8,1.639,2.287,-0.649,3.052,3.655,-3.655,-0.603,3.044,4.026,-0.982,0.894,0.431,0.463,3.184,2.627,0.557,1.21,0.327,-0.327,0.882,1.23,0.303,0.926,4,3.136,-3.136,0.864,3.958,3.11,0.848
9.125,0.323,1.132,-1.132,-0.808,0.317,0.998,-0.681,0.345,1.12,-0.774,1.625,2.465,-0.84,3.044,3.816,-3.816,-0.772,3.13,3.916,-0.786,0.874,0.447,0.427,3.154,2.693,0.461,1.244,0.301,-0.301,0.942,1.162,0.331,0.83,3.984,3.19,-3.19,0.794,3.88,3.018,0.862
9.175,0.257,1.122,-1.122,-0.864,0.291,1.05,-0.758,0.325,1.132,-0.806,1.641,2.433,-0.792,3.086,3.83,-3.83,-0.745,3.024,3.984,-0.96,0.898,0.421,0.477,3.232,2.623,0.609,1.174,0.319,-0.319,0.854,1.056,0.309,0.747,3.986,2.992,-2.992,0.994,3.774,2.882,0.892
9.225,0.365,1.056,-1.056,-0.691,0.277,1.114,-0.836,0.309,1.05,-0.741,1.645,2.403,-0.758,3.026,3.954,-3.954,-0.928,3.118,3.774,-0.657,0.944,0.421,0.523,3.166,2.725,0.441,1.319,0.343,-0.343,0.976,1.148,0.349,0.798,3.946,3.164,-3.164,0.782,3.802,3.008,0.794
9.275,0.313,1.042,-1.042,-0.729,0.305,1.094,-0.788,0.319,1.1,-0.78,1.553,2.377,-0.824,3.19,3.874,-3.874,-0.685,3.126,3.822,-0.697,0.862,0.421,0.441,3.014,2.733,0.281,1.15,0.295,-0.295,0.854,1.14,0.301,0.838,3.996,3.028,-3.028,0.968,3.683,2.932,0.75
9.325,0.327,1.016,-1.016,-0.689,0.341,1.132,-0.79,0.323,1.142,-0.818,1.673,2.473,-0.8,3.198,3.737,-3.737,-0.539,3.048,3.635,-0.587,0.876,0.417,0.459,3.096,2.655,0.441,1.098,0.303,-0.303,0.794,1.112,0.321,0.79,3.89,3.134,-3.134,0.756,3.701,3.116,0.585
9.375,0.335,1.072,-1.072,-0.737,0.325,1.06,-0.735,0.385,1.038,-0.653,1.521,2.403,-0.882,2.946,3.838,-3.838,-0.892,3.148,3.924,-0.776,0.938,0.423,0.515,3.148,2.583,0.565,1.218,0.325,-0.325,0.892,1.072,0.295,0.776,4.12,3.297,-3.297,0.822,3.848,3.076,0.772
9.425,0.355,1.092,-1.092,-0.737,0.323,1.076,-0.752,0.341,1.166,-0.824,1.675,2.361,-0.687,3.074,3.8,-3.8,-0.727,3.146,3.866,-0.721,0.908,0.435,0.473,3.102,2.717,0.385,1.14,0.333,-0.333,0.806,1.261,0.311,0.95,4,3.166,-3.166,0.834,3.828,2.928,0.9
9.475,0.321,1.13,-1.13,-0.808,0.357,1.146,-0.788,0.319,1.062,-0.743,1.569,2.385,-0.816,3.094,3.796,-3.796,-0.703,3.271,3.669,-0.397,0.914,0.453,0.461,3.006,2.649,0.357,1.134,0.315,-0.315,0.818,1.134,0.339,0.794,3.82,3.164,-3.164,0.657,3.81,3.078,0.733
9.525,0.369,1.076,-1.076,-0.707,0.333,1.14,-0.806,0.329,1.038,-0.709,1.717,2.411,-0.695,3.158,3.836,-3.836,-0.679,3.09,3.92,-0.83,0.898,0.377,0.521,3.218,2.651,0.567,1.196,0.329,-0.329,0.866,1.09,0.337,0.752,3.928,3.092,-3.092,0.836,3.812,3.028,0.784
9.575,0.361,1.05,-1.05,-0.689,0.305,1.076,-0.77,0.297,0.97,-0.673,1.577,2.347,-0.77,3.178,3.735,-3.735,-0.557,3.1,3.764,-0.665,0.846,0.407,0.439,3.144,2.75,0.393,1.12,0.331,-0.331,0.788,1.168,0.339,0.828,3.766,3.196,-3.196,0.571,3.762,2.92,0.842
9.625,0.373,1.09,-1.09,-0.717,0.327,1.116,-0.788,0.297,1.094,-0.796,1.669,2.347,-0.679,3.056,3.794,-3.794,-0.739,3.18,3.882,-0.703,0.86,0.407,0.453,3.142,2.551,0.591,1.106,0.293,-0.293,0.812,1.134,0.295,0.838,3.982,3.146,-3.146,0.836,3.842,2.978,0.864
9.675,0.379,1.006,-1.006,-0.627,0.329,1.102,-0.772,0.309,1.08,-0.77,1.627,2.411,-0.784,3.104,3.611,-3.611,-0.507,3.116,3.942,-0.826,0.834,0.413,0.421,3.048,2.577,0.471,1.084,0.355,-0.355,0.729,1.072,0.315,0.756,3.77,3.088,-3.088,0.683,3.754,2.984,0.77
9.725,0.349,1.002,-1.002,-0.653,0.353,1.04,-0.687,0.303,0.926,-0.623,1.641,2.385,-0.745,2.992,3.653,-3.653,-0.661,2.894,3.798,-0.904,0.92,0.405,0.515,2.904,2.561,0.343,1.16,0.333,-0.333,0.826,1.118,0.325,0.792,3.954,3.142,-3.142,0.812,3.902,3.106,0.796
9.775,0.357,0.968,-0.968,-0.611,0.345,1.014,-0.669,0.331,1.006,-0.675,1.611,2.345,-0.735,2.956,3.707,-3.707,-0.75,3.022,3.834,-0.812,0.936,0.399,0.537,3.253,2.489,0.764,1.142,0.317,-0.317,0.824,1.146,0.343,0.802,3.621,3.204,-3.204,0.417,3.758,3.08,0.679
9.825,0.383,1.042,-1.042,-0.659,0.371,1.04,-0.669,0.333,0.952,-0.619,1.613,2.327,-0.715,3.038,3.601,-3.601,-0.563,3.172,3.788,-0.617,0.9,0.363,0.537,3.028,2.451,0.577,1.104,0.381,-0.381,0.723,1.114,0.329,0.784,3.693,3.092,-3.092,0.601,3.82,3.064,0.756
9.875,0.377,1.022,-1.022,-0.645,0.275,1.018,-0.743,0.299,1.034,-0.735,1.655,2.126,-0.471,3.052,3.743,-3.743,-0.691,3.176,3.673,-0.497,0.872,0.423,0.449,3.088,2.613,0.475,1.134,0.337,-0.337,0.796,1.07,0.313,0.756,3.747,3.275,-3.275,0.471,3.84,3,0.84
9.925,0.347,1.014,-1.014,-0.667,0.341,1.016,-0.675,0.369,1.062,-0.693,1.543,2.164,-0.621,2.968,3.481,-3.481,-0.513,3.198,3.812,-0.615,0.922,0.391,0.531,2.998,2.669,0.329,1.074,0.343,-0.343,0.731,1.022,0.293,0.729,3.701,3.168,-3.168,0.533,3.657,3.08,0.577
9.975,0.353,0.91,-0.91,-0.557,0.369,1.102,-0.733,0.339,1.028,-0.689,1.693,2.349,-0.657,3.048,3.591,-3.591,-0.543,3.16,3.731,-0.571,0.954,0.417,0.537,2.914,2.613,0.301,1.228,0.311,-0.311,0.916,1.1,0.297,0.802,3.886,3.132,-3.132,0.754,3.649,2.926,0.723
