r_A,pH6_200_10_3F,pH6_200_10_3F_sem,pH6_200_10_5F,pH6_200_10_5F_sem,pH6_30_12_3F,pH6_30_12_3F_sem,pH6_30_12_5F,pH6_30_12_5F_sem,pH6_110_8_3F,pH6_110_8_3F_sem,pH6_110_8_5F,pH6_110_8_5F_sem,pH73_170_5_3F,pH73_170_5_3F_sem,pH73_170_5_5F,pH73_170_5_5F_sem
0.1,-0.011933545411087682,0.00018303508809783267,-0.015063664560675356,0.00035218145470755657,-0.014374756692695034,0.00021816360204391768,-0.01840417553299985,0.00032832886934228795,-0.009528499904878517,0.00014575785961637748,-0.012059642478222674,0.0002162462843717084,-0.005792049361563397,8.088231046366497e-05,-0.007500932617324595,0.0001154712581688367
0.2,-0.013263982374563292,0.00019603030273277668,-0.0168771784896641,0.0003883142795684221,-0.015972907009142525,0.00023141495156587516,-0.020717726059178748,0.0003509815090059894,-0.010568620984075714,0.00015616692913588196,-0.013471455878525659,0.0002412669157976076,-0.006443734334064273,8.824237036332776e-05,-0.008464792542945562,0.00012268402759606936
0.30000000000000004,-0.014650005235858058,0.00020877260437393577,-0.01877129281957912,0.0004283758895350471,-0.017639560556038665,0.000245374107447077,-0.023111181437503008,0.00037601224274008064,-0.011655693929703696,0.00016777488872577086,-0.014911281734930509,0.00027996387553530917,-0.007124585819287565,9.6008292986482e-05,-0.009471525985123939,0.0001311284669996256
0.4,-0.01607946721983,0.00022153910690641244,-0.020737361909049273,0.0004657423922615983,-0.019349250528158248,0.0002603947710221985,-0.025598734175627053,0.00040452061830063894,-0.012783491994630417,0.00017963735607165706,-0.016359096215075822,0.0003262358210788265,-0.007823862290780775,0.0001040836535204536,-0.010506109404466762,0.00014247723094154024
0.5,-0.017536196558748118,0.00023516143369649664,-0.02273484435526949,0.0005083617174106307,-0.021111466459142504,0.00027640080867335706,-0.028118881636619693,0.000438789678014578,-0.013916108435656136,0.00019299494972503092,-0.017822152968782295,0.00037529833760181546,-0.008545307930423317,0.00011241205276741104,-0.011561381696259164,0.00015702352868401804
0.6000000000000001,-0.01900676555173115,0.0002495317236043197,-0.02474014175871641,0.0005510048807023945,-0.022886660595925264,0.00029316219434902653,-0.030667629188778977,0.0004746176124117414,-0.015066941353860665,0.00020680740921599894,-0.01924016630994364,0.00043211123148962396,-0.009268791052280304,0.0001214797776155801,-0.012617560337885534,0.00017534208935888354
0.7000000000000001,-0.02045593436480868,0.0002645739779755848,-0.026735150589993675,0.0005922790535089395,-0.024635547619667922,0.0003111177710969806,-0.033152676007664014,0.0005154962125252051,-0.016204188106529065,0.00022171727217363039,-0.020622135012551675,0.0004914682596020342,-0.009983315142068181,0.0001306225484327547,-0.013651070471856886,0.0001980983583579592
0.8,-0.021860325529013055,0.00028017794743689234,-0.02867297470256939,0.000639643421961822,-0.02633091986164139,0.0003297501051600783,-0.03558656296098991,0.0005599028708603875,-0.017319312910180042,0.0002358964568743184,-0.0219181354963704,0.0005521062665575524,-0.010671661224252144,0.00014043463174303475,-0.014666857343089099,0.00022206328377780095
0.9,-0.023200770883350454,0.0002965342665124496,-0.03051400003963946,0.0006893473543153293,-0.027973945869312792,0.00034916766820506794,-0.03792192443756477,0.0006082362068287235,-0.01839142448936436,0.00025073942622185993,-0.023194364772736148,0.0006121551596678893,-0.011343408317490858,0.00015076902234187385,-0.01565119536173654,0.0002466365068061229
1.0,-0.02445441962570197,0.0003142079818735175,-0.03234200588706436,0.0007316184515456238,-0.029528834599200367,0.0003697800637363347,-0.04019758125541774,0.0006564577964693294,-0.01942785578672726,0.0002661956002038034,-0.024417374160375392,0.0006694786888635175,-0.011980979764668434,0.00016286113930197145,-0.016589834456840095,0.00027234449676271353
1.1,-0.025655248913159248,0.0003326252074103965,-0.033999498886070144,0.0007814904023036918,-0.031031374550232055,0.0003914457444593109,-0.04239076270245546,0.0007116464659074133,-0.02042712309849788,0.00028149119532769193,-0.025573472270899924,0.000731991499623003,-0.012584278067834796,0.00017582291586516006,-0.017492915033189792,0.0002991602760394186
1.2000000000000002,-0.026796201433978387,0.0003529718665391445,-0.03559523057482605,0.0008339544289003016,-0.03247076260342926,0.0004142722307061655,-0.044524144551989706,0.0007689252414941856,-0.02137748689169092,0.00029778840227548734,-0.026603783347504347,0.0007974501885538482,-0.013155864310938034,0.00019006948536581334,-0.018381250715299214,0.0003263616954582815
1.3,-0.027864200678283303,0.0003753037224251523,-0.037040366185678464,0.0008938031609299243,-0.03387464625375474,0.0004376904665684863,-0.04652647645849054,0.0008328450238332758,-0.0222747786119375,0.0003150119263300911,-0.02754048193029978,0.0008639537356553137,-0.01368766652326427,0.00020526958357348782,-0.01921257850741492,0.00035346716200077943
1.4000000000000001,-0.028883391862312126,0.0003987943702502757,-0.03838005730255081,0.0009606030198178022,-0.035202547988284164,0.00046297226277827453,-0.048447738494546096,0.000906207569777207,-0.023146403381189753,0.00033351160418299914,-0.02835043337502809,0.0009368842217063883,-0.014199535854621678,0.00022146747316781739,-0.020023035669089098,0.000384070479869911
1.5,-0.029854374097342533,0.0004239711897676016,-0.03960199884383646,0.00103964977307372,-0.03649531116660898,0.0004890811277595519,-0.05038616675593771,0.000982802178941407,-0.023979899843438263,0.0003534512121830518,-0.028977536136294738,0.0010277551115599676,-0.014695057078381063,0.00023803503143079107,-0.020806203304446026,0.00041712651981444786
1.6,-0.030779944407497505,0.0004514345315593914,-0.04068941362868244,0.0011222843222896775,-0.03776956710604598,0.0005158901548749701,-0.05219940520445074,0.00105977471305763,-0.024798213511708397,0.0003750439166807567,-0.02952634563000121,0.0011185246033274226,-0.015154404270211017,0.00025649436788393486,-0.021518504309556236,0.00045271766046025696
1.7000000000000002,-0.031681294129179596,0.0004804902982505196,-0.041731725303716646,0.0012114679143529724,-0.03900117148268298,0.0005442724074660908,-0.05400077801791404,0.001129381031566257,-0.025619044518727752,0.00039689110641431515,-0.029975660531078203,0.0012082255215989863,-0.01560875047096264,0.0002754577338269506,-0.022223945615762252,0.0004912141852074912
1.8,-0.03257575153041146,0.0005089364171207449,-0.04259864509637574,0.0013084678863417999,-0.040241460695955966,0.0005733544454784514,-0.05577433989195291,0.0012016211321667154,-0.026431835779639163,0.00041933671187752684,-0.0303630846845039,0.0012971953734378786,-0.016055955239059394,0.0002951218937761795,-0.022892022694352546,0.0005327883637027773
1.9000000000000001,-0.03345836879411618,0.0005391324941798114,-0.04339035533050432,0.0014047289125734745,-0.04145542196487617,0.000604195500015556,-0.057460493670080555,0.001272958779451889,-0.027247002615902415,0.0004419555857862585,-0.030670414742253297,0.0013818415469831992,-0.016498193263468002,0.00031553979031744716,-0.02352578558275263,0.0005776370839092608
2.0,-0.03431176490591392,0.000569967479758687,-0.04411334913749482,0.0015036252408586928,-0.042669412461594426,0.000636184664912792,-0.05899322416374515,0.0013499381210705312,-0.02803376378254996,0.00046525987807509737,-0.030851049111243225,0.00146901738568349,-0.016941330281616082,0.00033649341471808186,-0.024109095237850906,0.0006248470627886804
2.1,-0.035160912258447474,0.0006024991307082456,-0.04474937807119664,0.0016075190459658,-0.04385209218220374,0.0006703115065720532,-0.06043703523251487,0.0014357644898225638,-0.02883118411259501,0.0004893926242299622,-0.03089404369182403,0.001556788944436533,-0.017372765578168504,0.0003578561423600132,-0.024622596508053915,0.0006769744424859627
2.2,-0.03600616552656483,0.0006361862660737426,-0.04526168235647071,0.0017158148659430958,-0.04504112555920931,0.0007066035967022113,-0.0617761724993645,0.0015287320710113508,-0.02963434155771711,0.0005146700057749249,-0.030706453947625934,0.0016509910268319376,-0.017813550644758404,0.00037987867088359905,-0.02503559307553077,0.0007371448670122973
2.3000000000000003,-0.03682887753628095,0.0006720493763379518,-0.04561516702002574,0.0018320463658294966,-0.04623232116935489,0.0007448969997206541,-0.06292742204429183,0.0016311491263191382,-0.030430635309965787,0.0005410789519129976,-0.030311058772268067,0.001753072269659075,-0.018262457622096818,0.0004018738880277429,-0.02544291978688076,0.000803288457451474
2.4000000000000004,-0.03760114716486549,0.0007095832518415886,-0.04592906982406924,0.0019516369167267217,-0.047402237585157936,0.0007848712212204656,-0.06398754770537729,0.0017390242511295955,-0.031204017866728672,0.0005681725383583473,-0.029793497120269345,0.0018619132470716934,-0.01869738555388651,0.0004251167845439377,-0.025778682532651934,0.0008762458395063969
2.5,-0.03833974573040353,0.0007495977578887043,-0.0460941109320669,0.002081137763584537,-0.048542057510126774,0.000826951057632408,-0.06494028662260255,0.0018496457917613154,-0.03195639678551126,0.0005964735284998176,-0.02911467474870341,0.0019738901203866983,-0.019121287688054156,0.00044891952590488706,-0.02605118143131771,0.0009498803574189305
2.6,-0.03906830149660469,0.000791850109719487,-0.04608371419503388,0.0022129504066451906,-0.04969087348943164,0.0008701001926237961,-0.06582688884896798,0.001969247780396126,-0.03269908747211353,0.0006256722303387977,-0.0282637840428642,0.0020981506853866576,-0.019533337066791424,0.00047447161631151573,-0.026275246453465614,0.0010271144173382733
2.7,-0.03978227212612385,0.0008362162049011803,-0.04587856523560801,0.002356391743061266,-0.05082823807395904,0.0009145305325617469,-0.06657906839207287,0.0020950777479756813,-0.0334187060879601,0.0006566421148150713,-0.027257884117898798,0.0022283911001739452,-0.019931117265980017,0.0005005984983466867,-0.02640097008163763,0.0011138737206165925
2.8000000000000003,-0.0404923241080498,0.0008821867417818914,-0.04562202269626671,0.002502007576410786,-0.05197089288203087,0.0009603369940966128,-0.06716675441972125,0.0022273016398434574,-0.03409798720130088,0.0006893880421416018,-0.026028753934162596,0.0023642228595867117,-0.020320543908974507,0.000527812007897475,-0.026432554853482056,0.0012041852010307677
2.9000000000000004,-0.04117317224046528,0.000929827445088658,-0.04522491008062766,0.002652458666446713,-0.05304338087350038,0.0010082896631918052,-0.06766600260942067,0.002365447502285415,-0.03474799649367622,0.0007238564850777984,-0.024521328793551487,0.0025099375074683775,-0.02066248268664041,0.000556752057408041,-0.026386191265798185,0.0012961973337898103
3.0,-0.04186145234384996,0.0009778440434655127,-0.04471691843200943,0.0028024577296154934,-0.054090027639535895,0.001058303341371051,-0.06802676535590843,0.0025081230145036796,-0.035367806941377235,0.0007598311102122741,-0.02291626591132694,0.0026549810233273572,-0.021004722999622485,0.0005862400283487263,-0.026304247763566487,0.0013897541412360255
3.1,-0.042539866361829104,0.0010274596571459172,-0.04390737205397762,0.002957618036320099,-0.055125324287037945,0.001110168142361559,-0.06831694102588527,0.002657749419951453,-0.03594463714272772,0.0007980054238051329,-0.021230452460535454,0.0028076134715605207,-0.0213241074455389,0.000617212591159294,-0.02604920908482382,0.0014918064166779365
3.2,-0.04321585263940354,0.0010799730459923017,-0.0430447731747028,0.003115930143285658,-0.05611721213467697,0.0011640182230356001,-0.06850068019545125,0.0028101898912017914,-0.03650286536565339,0.000837673557958441,-0.019309972152914072,0.0029645923212388453,-0.02161495961793902,0.0006494515497204057,-0.025730849091793705,0.0015957254218283282
3.3000000000000003,-0.04384343797177199,0.0011332956243977046,-0.042244618078093446,0.0032744728634028033,-0.05710852143618752,0.0012196263460568868,-0.06861847025334433,0.0029662292420367317,-0.03707370846098608,0.000878321053681311,-0.017326717567477605,0.0031241460225838267,-0.021921704741074893,0.0006826561080664007,-0.025385165995520025,0.0017014057420102382
3.4000000000000004,-0.04446160655265037,0.0011878917437372744,-0.04127337036152526,0.0034334663370137164,-0.05806518389430374,0.0012778363794464654,-0.06855593720949915,0.00312789264910203,-0.037632173021204744,0.0009205385360439328,-0.015237090425169927,0.0032937976238559615,-0.022214947091693835,0.0007170699556363027,-0.025044722510794478,0.0018072216129158096
3.5,-0.04504106649819948,0.0012456527878652675,-0.04037798570151625,0.0035936499907647506,-0.0590510389266899,0.0013380335117421148,-0.06850309294116373,0.003291930228117703,-0.03821330995204959,0.000963404575224294,-0.013014473563160253,0.003462351967037891,-0.022484863233762916,0.0007527099212654742,-0.024734835703283206,0.0019116068859770484
3.6,-0.04565754026003237,0.001304662667665527,-0.039407400521295086,0.0037543393650059974,-0.060015061269543576,0.0014004139134912697,-0.06843077965549824,0.0034557445581327425,-0.038773686203792165,0.001007170516487551,-0.010775281698054315,0.003630221903239059,-0.022782102405047147,0.0007882341136161581,-0.024419147949040237,0.002019012351342418
3.7,-0.04629856839589998,0.0013645756643282522,-0.03845333695909989,0.003915777644424055,-0.06103681415252942,0.0014643005399701248,-0.06827115764715294,0.0036227540107522005,-0.039371616052079644,0.00105161182803982,-0.008538308249683815,0.0037949616358287845,-0.023086023359593786,0.0008256326524966603,-0.024061601877436757,0.0021303358256214737
3.8000000000000003,-0.046947331381542876,0.0014265142370086783,-0.03755155912659427,0.004074957409667378,-0.06211355811230518,0.0015299122458251886,-0.06820338816344679,0.003789585329267919,-0.03998206038805904,0.0010967944226796234,-0.00629134951725193,0.003958985193777343,-0.023415105749558476,0.0008634256448089784,-0.023825062552748466,0.0022349788544024606
3.9000000000000004,-0.04761820667754373,0.0014895280072406436,-0.03661749874149643,0.004232986064478449,-0.06327729715109771,0.0015963055564031825,-0.06816166153419696,0.003954584554117544,-0.04065419998348741,0.0011415274565959677,-0.004100248189629014,0.004119880473360431,-0.02374341022345184,0.0009021033380511913,-0.02359823607571505,0.0023416199397965015
4.0,-0.04837250338621944,0.0015514182362701139,-0.035743763244085756,0.004392880864839545,-0.06451701484374087,0.0016634141622492648,-0.06834835720850442,0.00412034573374408,-0.041396326796594135,0.0011870575338720963,-0.0017902682133458237,0.0042792385236206714,-0.02410694414726835,0.0009406578086315812,-0.02351421351097373,0.0024448329282370004
4.1000000000000005,-0.04919394220850567,0.0016140107717275837,-0.03488753381139595,0.004555598027595015,-0.0658312734337379,0.0017304610209063456,-0.06860056441452377,0.004283937337798979,-0.04217578682046578,0.0012324768834989848,0.0004899852944447998,0.0044381141411395375,-0.024526402816875105,0.0009788949774286804,-0.023442965122958903,0.002544795207144258
4.2,-0.05010319162909011,0.0016763108448058217,-0.03412171421687412,0.004718990637842948,-0.06725752450058912,0.0017971429067293063,-0.06889109075173319,0.004448766004350199,-0.04304803386332848,0.0012766213480978493,0.002743446472158804,0.004595363186823812,-0.02497124776607497,0.0010171785513070864,-0.02344230027266537,0.0026435162723059315
4.3,-0.05110805106254049,0.0017384417208710216,-0.03337831270688048,0.004882508867158008,-0.0687173649430434,0.0018644807616321906,-0.06939932393960074,0.00461126735837482,-0.044013332134601554,0.001319634373796446,0.004995462154145278,0.004754291663161359,-0.02546183571715213,0.001055864774531133,-0.023471783541385547,0.0027410227149052024
4.4,-0.0522459842781077,0.0017998665713240744,-0.032851839671796466,0.005042800999978413,-0.07028790497535606,0.0019311830634482646,-0.06986811659913522,0.004775881769547135,-0.04500621089023977,0.0013630326065605031,0.0070865098542863105,0.004906834032349989,-0.026016398763564947,0.0010934816950955708,-0.023565791557362416,0.0028371964698579175
4.5,-0.05343123963572284,0.0018616921312839265,-0.03239162304196747,0.00520477492143286,-0.07199965920117465,0.001995765040940444,-0.07057388499030305,0.004940994008356385,-0.046093781534138616,0.0014053221335088367,0.009067216053819568,0.005058002113689172,-0.026615014872075814,0.0011313159728018713,-0.023745678459338167,0.002931712106844686
4.6000000000000005,-0.05477776427945703,0.0019221818283699415,-0.03196201602818042,0.005359661852495438,-0.0737925228019579,0.002060120307444297,-0.07143821406593402,0.00510126207558876,-0.04722871953470673,0.0014475399031884766,0.01093350484088817,0.005201894539859139,-0.02722869237738008,0.0011690812787237398,-0.023960390895999086,0.0030253648708277775
4.7,-0.05620882074729264,0.0019822297367219927,-0.03174882647978298,0.00551157206230709,-0.07564907169519816,0.0021240860877753754,-0.07248958643398203,0.0052566311273398005,-0.04844223879638783,0.001489634137061687,0.012683889587408433,0.00534529859181297,-0.02787913559665376,0.001207042213360535,-0.024239055441229188,0.0031185443662964697
4.800000000000001,-0.05769087126907723,0.002042100990932516,-0.03169542542989692,0.0056587372634925494,-0.07767056496846407,0.0021857830475180344,-0.0735730711047328,0.005412657419602159,-0.04970747327361755,0.0015313486174593394,0.014331429259735446,0.0054847747346396195,-0.028567164075176146,0.0012449447049345244,-0.02454935167998851,0.0032103763622417427
4.9,-0.05927281935560568,0.002100493204391439,-0.031682999718832615,0.005807236804410516,-0.07969086640814392,0.002249335110255733,-0.07501346328035793,0.005557855135281405,-0.05103554137113127,0.0015727298060701262,0.015898979493825734,0.005623081449503703,-0.02928029578959292,0.0012821495655093752,-0.024850575237868433,0.0032994560806117535
5.0,-0.060924759750679076,0.002158642447457097,-0.03179134098528782,0.0059525984025164454,-0.08180584193960157,0.002311764751443026,-0.07644154210255007,0.005705389828662399,-0.05239439419686601,0.0016140971529800573,0.017308807679183545,0.0057533379678882815,-0.030036305643766675,0.0013185126206735729,-0.025230294600763245,0.0033883252864222893
5.1000000000000005,-0.06260070059719332,0.002216715770174182,-0.031916870212681865,0.006099196317184829,-0.0839545568943794,0.002373973502312295,-0.07798291396572458,0.005848188017212383,-0.05378183489211248,0.0016553820497857148,0.01866181509892469,0.005884058315874738,-0.03082315142542518,0.0013545523250998546,-0.025659328735934947,0.0034744343744141162
5.2,-0.06433493057064929,0.0022740592732521654,-0.03219349404400515,0.006238983270038531,-0.08619172239404473,0.0024362316910694886,-0.07957737285795499,0.005989859201264765,-0.0551811130347717,0.0016965515067823966,0.02001163050230893,0.006009103174742091,-0.03162426441448036,0.0013902186713337776,-0.02610502244227736,0.003560179140141071
5.300000000000001,-0.06606008077110449,0.002331834679577437,-0.0324894174573562,0.006379955194103196,-0.08844998003355203,0.002498362107569195,-0.08131910714490118,0.006122335882045541,-0.05659599836247374,0.0017384438028092216,0.021396556772909442,0.006138678046097495,-0.03244297200808176,0.0014259134203031007,-0.02653933316047122,0.0036443656559889378
5.4,-0.0677975598143467,0.002390596163392572,-0.03266845081741297,0.006522823033674161,-0.09069257725593287,0.0025618064554615966,-0.08305287079814452,0.006254831299480733,-0.05798952086853628,0.0017808993104895248,0.02280371763858145,0.006264302908963593,-0.03325097328178039,0.0014614887046645502,-0.027112705029058003,0.00372681865178452
5.5,-0.06944096169102212,0.002451241531864951,-0.03287083886865546,0.006661780648078779,-0.0928966088060685,0.0026262151577906862,-0.08474483521216293,0.00639016732960668,-0.05939025457078133,0.001823081281677819,0.024266911979087317,0.0063903225332588385,-0.03402450000043441,0.0014971481036357044,-0.027551010694702054,0.003812500599752888
5.6000000000000005,-0.07109633523225434,0.002512048669631407,-0.033001463764197644,0.006800568735419742,-0.09504219746079104,0.0026916934326061096,-0.08650312101499093,0.006520782498392253,-0.06072327793534118,0.0018660610808316617,0.02583932583982125,0.006519468851882445,-0.03481462843070608,0.001533283638019402,-0.0279732038727371,0.0038977433199894568
5.7,-0.0726843508424236,0.002574146617760225,-0.033031250519537037,0.0069475187396695675,-0.09716995465718198,0.0027577621081714423,-0.08810919058012597,0.006655683582749385,-0.06203586598238409,0.0019098805087976313,0.02747631874506628,0.006647386544894734,-0.035572147168452015,0.0015705841119654789,-0.02834555903964932,0.0039862728478351735
5.800000000000001,-0.0742340381358064,0.002636732108191779,-0.03278082816227556,0.007092755007494911,-0.09921057941925085,0.00282662771572406,-0.08969754117378852,0.006792793698376272,-0.06330810405583756,0.0019550750378375427,0.029338522152007374,0.006780422360903982,-0.03630117151103072,0.0016077238074026468,-0.028622086337427327,0.004077129410996457
5.9,-0.07572676705521122,0.002701520809616843,-0.032672207171458856,0.007238816946850637,-0.10123435578940326,0.0028961284748051956,-0.09120089387783543,0.006929143599143168,-0.06456691683671147,0.0020010459314023146,0.03130111827210089,0.006915894417173148,-0.036973907569584824,0.0016465945441832043,-0.028897808358337693,0.004169569321002052
6.0,-0.07712955071670995,0.002766987002657519,-0.0325822902232722,0.007383646613458678,-0.10316589568784605,0.0029674412827134823,-0.09278897120323494,0.00706865568053166,-0.06573116252388259,0.002048535424234946,0.033392661468362235,0.007052724877405767,-0.03764154320951394,0.0016861256314082444,-0.029203024976738153,0.004260980063452549
6.1000000000000005,-0.07849323987329072,0.0028340215893818423,-0.03228555469197737,0.007535956007276796,-0.10494484180909246,0.0030410721065803744,-0.09406022175112859,0.007208576914906921,-0.06682758216462163,0.0020975650037463045,0.03552203101785652,0.007190324555352024,-0.03824985430126769,0.001726690492189412,-0.02936637215526369,0.004356250658737494
6.2,-0.07981924854484371,0.0029023524848302835,-0.03195803044430331,0.007689016218541721,-0.10670290872094434,0.0031169116728113327,-0.0952778574973374,0.007353156045752973,-0.06786762505544687,0.0021475559717523177,0.037768657261027745,0.0073303119564677366,-0.0388606589975966,0.0017677119516427034,-0.02959314524344074,0.00445232066566015
6.300000000000001,-0.08103518031600296,0.0029730100973405634,-0.031612377595129755,0.00784491004220285,-0.10842417914139585,0.0031937647083987077,-0.09649173328358586,0.007497793575128846,-0.06888119828289262,0.00219843068863656,0.040162836208558796,0.007474022196759189,-0.039425619551694706,0.0018097829319536627,-0.02978849891062057,0.004551550220615304
6.4,-0.08219230692822554,0.003046592714457599,-0.031024287004559885,0.008002814388162053,-0.11007129407656555,0.003272646590500415,-0.0976486350372741,0.007646379913608773,-0.06986156473356538,0.002250786138253809,0.042630806695250135,0.0076198390850379764,-0.03999749254694628,0.001852436355593837,-0.02995977485341046,0.004649636632364426
6.5,-0.08337270841001602,0.003121232431037253,-0.030396971417978723,0.008164189191703764,-0.11168007123840869,0.0033530262427694992,-0.09881346390660875,0.007794289718410894,-0.07077824692006436,0.002304752275101935,0.04520638572100087,0.007766529143237452,-0.040532329905610655,0.0018963861155742638,-0.030078524787138843,0.0047492670379796565
6.6000000000000005,-0.08451366051590169,0.003197001834215185,-0.029418746043848015,0.008330506753166711,-0.11327748235444168,0.003434417260328023,-0.09995210689291699,0.00794498573684753,-0.07168702550261927,0.0023588756992749837,0.048052854405123815,0.007918686407505033,-0.04105322817073081,0.0019411070077259606,-0.030208522739300206,0.004847267047745552
6.7,-0.08562539955878759,0.00327400833025421,-0.028522850359583202,0.008501923603243186,-0.11487560392189748,0.0035167211851542205,-0.10108530798290033,0.008101185719823501,-0.07261372449203995,0.0024130804803708427,0.05087377105829244,0.008070452386304073,-0.04153680892881437,0.001986903300575248,-0.030363191264155563,0.004946286461785359
6.800000000000001,-0.08675070815019659,0.0033519735934062255,-0.027583811805884886,0.008673596148711302,-0.11634355961376552,0.003601433532420676,-0.10209448971231529,0.008259757279943995,-0.07349369573218274,0.0024687389229551913,0.05376987577521791,0.008222469440806911,-0.041998008440576114,0.0020336915529673904,-0.03049846456632234,0.005045029493850607
6.9,-0.08785831089788304,0.003432188769170943,-0.0266442238505857,0.008850965431612538,-0.11792114236418158,0.0036858902076171035,-0.10322226371605833,0.008416199836298693,-0.07437990172358554,0.0025247799095688105,0.05664123371101853,0.008376884057782162,-0.04241296563614448,0.0020816257491799986,-0.03061089444200132,0.005141286640418513
7.0,-0.08891841001774838,0.0035139527476386488,-0.025840561144653437,0.009022907839216068,-0.1195163244714961,0.0037720113326851668,-0.10422587479085409,0.008577473714539255,-0.0752836785237572,0.0025813658679799054,0.05964632487715282,0.008533864932199837,-0.0428263431068754,0.0021296888532202005,-0.030743906628638844,0.005242739300827111
7.1000000000000005,-0.09003867126161462,0.003596390370609518,-0.02520100628820902,0.009197361938958945,-0.12111335036156248,0.003859815111524001,-0.10532482890959549,0.008738137613996286,-0.07622711875964464,0.002638167265203155,0.06261449300470562,0.00869190377118973,-0.043278823699962686,0.0021780899131535985,-0.030827492448392932,0.005343524920915259
7.2,-0.09117106009716046,0.003680877417297495,-0.02447995912551511,0.009373392392556162,-0.12267632952275986,0.003948549550962014,-0.10645562918803121,0.008897496258524934,-0.07716854305866012,0.0026955048147930803,0.06559448054189984,0.00885213062993982,-0.04371503647639502,0.0022269356661385876,-0.03093684568864962,0.00544849852580926
7.300000000000001,-0.09232858019938636,0.0037649235137521032,-0.023597814891302096,0.009551674111456566,-0.12429643618410871,0.004038054696697568,-0.10759899680495566,0.0090657475293709,-0.07821309371239503,0.0027530635469987168,0.06848286586952612,0.009008350890489639,-0.04415611947292344,0.002276685856306742,-0.030995658630636847,0.005551026767703849
7.4,-0.09358521573806461,0.0038507676824020556,-0.022922464196877487,0.00972888886003018,-0.12594461229248924,0.004127551339820116,-0.10883838094007289,0.00922917929874416,-0.07928448030897774,0.002810954790411405,0.07145497958734066,0.009169590455401047,-0.04461270008489122,0.0023268175674314444,-0.03115446865829683,0.005653949920516128
7.5,-0.09482314334924212,0.003937478442609139,-0.022106203804129924,0.009914648351135416,-0.1276603106437464,0.004218457445091101,-0.11012987482715748,0.009398273018550991,-0.0804392492128934,0.002868416299222059,0.07458945560592273,0.009331263968850131,-0.0451305578148272,0.0023770106100286133,-0.031207702600157112,0.005761047035684273
7.6000000000000005,-0.09609680151469654,0.004024175003309481,-0.02138592431121519,0.01009494060124824,-0.12945167650944853,0.004310118106719321,-0.11146548571184914,0.009561586030448327,-0.08161650258127537,0.0029258781321788085,0.07751190048911455,0.009490950717574454,-0.045651834009370354,0.0024280571995375635,-0.031436317617159995,0.005865464738486691
7.7,-0.09746152816951241,0.00411116728072098,-0.020790680548373953,0.010274107260082458,-0.13126191941590967,0.004402153518702464,-0.11300191806953963,0.00972439570245077,-0.08277319810913625,0.0029844196486375285,0.08034427365518047,0.009650143175640294,-0.046210297735990905,0.0024775255253528393,-0.031615424735522965,0.005972350507895223
7.800000000000001,-0.09887922940300217,0.004199426175012096,-0.020204901994578948,0.01045467667347213,-0.13314896652796476,0.004495303660351062,-0.11447899478027541,0.009889126651256899,-0.08402552376682684,0.0030423304184407926,0.08335694266495151,0.009812895925550723,-0.046755682583757896,0.002528869875461274,-0.0318971300454698,0.006079312213096633
7.9,-0.100401555684651,0.004287462278380233,-0.01978591922321351,0.01063457092304096,-0.13512033432469725,0.004588870814561974,-0.1161618994722484,0.010050577744073683,-0.08531602448612995,0.0031007945604015533,0.08611191270761438,0.009971831196371904,-0.0473564443455477,0.0025797106762148834,-0.03216528159655261,0.006186849766630938
8.0,-0.10200690955060406,0.004374023032630013,-0.019427025356049,0.010819938761004545,-0.13714395327626153,0.004682570286116755,-0.11804846681128853,0.010213555350913029,-0.0866845824681073,0.0031584194185038357,0.08899988692858443,0.010137666850817672,-0.04800554563208368,0.0026309300321756966,-0.032385807629180995,0.006295041522844922
8.1,-0.10362174632791404,0.004462772303733086,-0.01912660285968185,0.011003049450969622,-0.1392771995586041,0.004776742085870745,-0.12002335651544689,0.01037911654454772,-0.08807727145892764,0.0032164280028619567,0.09182059333017994,0.010302464036678118,-0.04863909074517198,0.0026825195597784427,-0.032738758696738625,0.006402920835118661
8.200000000000001,-0.1053616382127198,0.004551203193417597,-0.01882452240987611,0.011184615996365619,-0.14147799201737232,0.004871402508065613,-0.12209520965548273,0.0105445826677208,-0.08955276516421824,0.003275103126786466,0.09462374787354487,0.010467745307695446,-0.0493577827334032,0.002734226648913383,-0.03309620834045294,0.0065129233213927495
8.3,-0.10714582481619864,0.004640437665347383,-0.018547584203017223,0.011371487713945312,-0.1438237271409503,0.004964123933601205,-0.12433485020789932,0.010703673699774588,-0.09110433962970604,0.003333014227039141,0.09741143581461428,0.010631886126026365,-0.05012663425681957,0.0027849125446894702,-0.03357712737646068,0.006619299059348143
8.4,-0.10897348089340467,0.004729314818692299,-0.01843906083590053,0.011557349098808276,-0.14619756373191917,0.005058886685685714,-0.12668789986348478,0.010869436040010986,-0.09270896664969087,0.003391427302009815,0.10012442613700712,0.010796270699350066,-0.050857929194341046,0.002836451898750661,-0.034045185119423366,0.006726665142920856
8.5,-0.11096092699843586,0.004817921127080164,-0.018466456625101275,0.011741823541844606,-0.14866851751627677,0.0051530899921661015,-0.1291469859794593,0.011036366545631919,-0.0943484135946863,0.0034491435414538796,0.10276602711669536,0.010959832643243225,-0.05168436242909783,0.0028871669586645597,-0.03446890046372082,0.006835012674242064
8.6,-0.11293241507081679,0.004908296133061925,-0.018567318793880447,0.011926637651134001,-0.1512803959104965,0.005248081710908251,-0.1317683496530122,0.011196459432529221,-0.09598432690359548,0.0035067208345943442,0.10538408458791872,0.011132062379062554,-0.05248609525315879,0.002938548000879179,-0.0349792332409535,0.006944382116522082
8.700000000000001,-0.11502199398648405,0.004999179065392663,-0.018733483128183948,0.01211512259869119,-0.15385158671609714,0.005343499690411524,-0.13449300229837255,0.01136205922165702,-0.09766098594248526,0.0035652492436229243,0.10785040946189937,0.01129633353642037,-0.05329722255206226,0.0029898658655335662,-0.03552899536209903,0.007052677971480098
8.8,-0.11709148841195786,0.005091505938221329,-0.019036444331702186,0.012302750105518859,-0.15645483954086536,0.005439873116365345,-0.13740586844049374,0.01152549801728395,-0.09938437926220477,0.003624060800144722,0.11046586167485788,0.011465227488187959,-0.05416996413247196,0.0030412194603608605,-0.03610866230345353,0.007162353936819692
8.9,-0.1191757722191404,0.005182718451952541,-0.019400038593374195,0.012493400384421354,-0.1590817369470886,0.005537585148118044,-0.14039652617307352,0.011687326902158974,-0.10112782868138076,0.0036828955182731816,0.11306347293218375,0.011629247187336773,-0.05506229139037707,0.0030936205735617333,-0.0367125062968275,0.007275005838287148
9.0,-0.12138194281264342,0.005275041614190642,-0.019814901297191635,0.012682953883206045,-0.16183305981591556,0.005634801610226195,-0.14353138207176505,0.011852443202602743,-0.10290826878153633,0.0037422650416642877,0.11567662996217506,0.01179240210685896,-0.05596218287340147,0.003145591953095757,-0.03734106453402228,0.007387969232345787
9.1,-0.12359185788132471,0.005368548534752753,-0.020085763625139835,0.012876422922739232,-0.1644835370994169,0.005733810734204944,-0.1465780997098641,0.01201815877918681,-0.1047011493601707,0.0038014536112212505,0.11813008935740314,0.011959692467868908,-0.056915839865056175,0.0031970634977579,-0.03791052550711803,0.0074963530475731874
9.200000000000001,-0.12580715218631638,0.005463447123729634,-0.020220867614234698,0.01307094586633994,-0.16717219934635197,0.00583212283903422,-0.14978872726159614,0.012180298625413965,-0.1065220790995176,0.0038615918091903932,0.12061724802038105,0.012122653084024519,-0.05787821702925013,0.003248848525668697,-0.038469363637498685,0.007609557314836343
9.3,-0.12812954229667897,0.0055575606296394495,-0.02053534295052756,0.013264405661019609,-0.16990078439904127,0.005931844422465914,-0.15308268344561088,0.012342384846965444,-0.10836896721183151,0.003921803743238227,0.12325894957470361,0.012287561951879402,-0.058919962203783635,0.003300200230934536,-0.039194881527133935,0.007720619328556366
9.4,-0.13042607483029,0.005652840364893054,-0.02092849856992075,0.013460996684088525,-0.17259241647495405,0.006031799475730564,-0.1563428315859779,0.012504775894546915,-0.11017900683115216,0.003982400199099986,0.1259003639286552,0.012451425044584293,-0.05994287029320322,0.0033522990072361526,-0.03985442667794568,0.007831544001373043
9.5,-0.13276342340846511,0.0057492286906647184,-0.02115334708316189,0.01365926727738523,-0.17537092850167948,0.00613358637816773,-0.15952490620307752,0.012671636389666735,-0.11204405796444482,0.004043162524318033,0.12854301686467423,0.012614641484421093,-0.061053632368127046,0.0034038796785355917,-0.040508888827927546,0.007946028040079323
9.600000000000001,-0.13512177675202391,0.005845874093537917,-0.02117329325407441,0.013861767314900077,-0.1781519205059933,0.006236045608908467,-0.1629651615166976,0.012832590539638516,-0.11390275581147026,0.004104112973650008,0.13109901685955874,0.012781621963608566,-0.06217440460950732,0.0034559157057379476,-0.041065451192962614,0.008063212088324829
9.700000000000001,-0.1375798012386457,0.005942340651320344,-0.02112804900988028,0.014065502280058172,-0.18095553851057125,0.006338906417573822,-0.16631425994030308,0.012997356665685796,-0.11573011808677003,0.004165520626090704,0.1337597268812838,0.012951128608330326,-0.0632926995636475,0.0035077606891254537,-0.04167681385783571,0.008177952685742793
9.8,-0.13996447790110994,0.006040618236201735,-0.021469283244859902,0.014271996690864052,-0.18374254716185562,0.006442697135350274,-0.16975097339403106,0.013156907807529225,-0.11759096788831193,0.004226775315022313,0.13642225250018805,0.013121615552894542,-0.06441755131528869,0.0035603884529760363,-0.042157006644120455,0.008296056315137957
9.9,-0.14237890916507273,0.006138658626517797,-0.02151052397955535,0.014475526384537817,-0.1865400008842882,0.006548080031200011,-0.17321956407746456,0.013317905963079718,-0.11951833483498468,0.004287969628111014,0.139176660317319,0.013291739124437584,-0.06557290749062568,0.003613639063911005,-0.04264007283384188,0.008412615155242203
10.0,-0.14481571561262593,0.006238199954273062,-0.02162844304773952,0.014680523351058242,-0.1894072663772327,0.0066529499271014035,-0.17666693362788147,0.013479978902007382,-0.12145394927822581,0.004349372959816574,0.1419699505057742,0.013462332873958614,-0.06674469775214627,0.0036654495228779505,-0.04323064502548244,0.008528522420654112
10.100000000000001,-0.14734640664979776,0.00633662824311707,-0.021816284976200244,0.014885599933459693,-0.19229800099775277,0.006759174719893081,-0.18010602258930286,0.013642177549575987,-0.12334846887680315,0.004411355343423062,0.1448443641832262,0.013638819990017932,-0.06791727556695915,0.003718004074456039,-0.04398931003061642,0.00864289480746126
10.200000000000001,-0.14994349543724217,0.006434171626259369,-0.021749300530084746,0.015093160787743296,-0.19521707660725565,0.006866420651070887,-0.18366488706588469,0.013803696732915574,-0.12528030802119472,0.004474124260727906,0.14788589251399464,0.013816549967031336,-0.06906154627113882,0.0037716853158645224,-0.04463860672845377,0.00875671525241069
10.3,-0.15252018055647065,0.006533698343115154,-0.022132313716369204,0.015294821702378527,-0.19819485508678159,0.006974551942461325,-0.18713633704904978,0.013966315433682167,-0.12721526032217384,0.00453715642356127,0.15082152064063892,0.013993841111943484,-0.07018585325693681,0.003825619074385528,-0.04528323589637795,0.008872949158085772
10.4,-0.15518671331550127,0.006633272586598427,-0.022426366088511278,0.015504731557292775,-0.20127750654919965,0.007082251846420725,-0.19078183469463184,0.014134890631739177,-0.12922788682952746,0.0045997612303212,0.1538412644817959,0.014173155826991824,-0.07137340384823149,0.0038790025954037115,-0.046081329930538595,0.00898973892118974
10.5,-0.15789882569171562,0.006733963515832111,-0.022589680435401608,0.01571203157755836,-0.2043601029620496,0.007191102811801847,-0.19407474747483736,0.014306710353228964,-0.13123592676482293,0.004663141316688881,0.1568460089076811,0.014355868333457372,-0.07259170832807425,0.003932873252259656,-0.04672618378849447,0.00910781080151366
10.600000000000001,-0.16076500510039599,0.006835000150358371,-0.022723337489469333,0.01592145927380742,-0.20752979883431283,0.007300529999140471,-0.19768828166823135,0.014477947909622715,-0.13330947490689277,0.004726609501151559,0.1597011448095299,0.014540017171076678,-0.07377763908165706,0.0039875917753315945,-0.04741627937817448,0.009225394296110878
10.700000000000001,-0.163587799928763,0.006937792533970684,-0.023007994534297308,0.01613027597501222,-0.2106616459922835,0.007411241430712163,-0.20116900071544613,0.014651959843533971,-0.1353609503384422,0.0047902562930005905,0.1626316009492741,0.014724054030918343,-0.07504522316505817,0.0040423682946479,-0.0481197889986115,0.009344830665816355
10.8,-0.16637149574216714,0.007040212212931472,-0.023417070866126245,0.016339793838096812,-0.2138410096506849,0.0075229236575916,-0.20477932440015678,0.014825925165696438,-0.13751304168641787,0.004853934470973732,0.1654678498451752,0.0149115975606794,-0.07627983736348301,0.00409726716443885,-0.048962616329139896,0.009461023412277426
10.9,-0.16932120808103088,0.007142866760285937,-0.023955363261344485,0.01655005832624661,-0.2170661042092675,0.00763465364776527,-0.20843113089303222,0.014996081166989418,-0.13969000038427787,0.004918009190468265,0.16837233550233768,0.015096594134717022,-0.07748041626098984,0.004152617927468598,-0.049731266946469656,0.009580019707728758
11.0,-0.17222200359741746,0.00724572863474078,-0.02444115285533322,0.016763398606654933,-0.2203624642906106,0.007747225958195891,-0.2121421850439209,0.015169504190104915,-0.14188968291702023,0.004981721656563642,0.17116791224377972,0.015278792685803396,-0.07873385207894334,0.004207175692777928,-0.050641976141833314,0.0097011719404607
11.100000000000001,-0.17514760239509128,0.007349227260258953,-0.02499212464843431,0.016975474092452418,-0.2236039211347122,0.007859810854985457,-0.21596081932392935,0.0153446868289397,-0.14408718618943217,0.005046161442324161,0.17395878842028073,0.01546546915834746,-0.08009438520525715,0.004261915179079506,-0.05155721056969518,0.009820911271652834
11.200000000000001,-0.1780702082311353,0.00745243069647737,-0.025764954406250342,0.01718815865866516,-0.22692310764474466,0.007974242408330437,-0.21991355727000828,0.015517006329443412,-0.1464164720119873,0.005110535302837605,0.17648448112509127,0.01565076118230786,-0.08138444527655037,0.00431707741743143,-0.052593795539546684,0.009940817547389007
11.3,-0.18104970696905337,0.007557651502543257,-0.026507429999170728,0.017403755666774552,-0.23029031786464166,0.008087073455621577,-0.22387609789872812,0.01569033735136813,-0.14877242959832473,0.005174656189647994,0.17931447650401727,0.015837963957055567,-0.0827248621311765,0.004371756933463966,-0.05360144536233124,0.010061851678337702
11.4,-0.18400332826182747,0.007662984779164968,-0.027191180636732825,0.017616094953749602,-0.2335798744668885,0.00820175540742444,-0.22790523884388883,0.015865905185890785,-0.15114794797367134,0.005238398989655846,0.18194747392339092,0.016022609073718202,-0.08403980146132088,0.004427287595163712,-0.05449141715987427,0.010185383540333997
11.5,-0.18697375321570944,0.007769657721421364,-0.028164324285474347,0.017828932533363272,-0.2368641568955621,0.008317689354013886,-0.2320966676338936,0.016040091746700343,-0.1535602478796424,0.005302387419285333,0.184727423608393,0.016208646697982707,-0.08542360986651251,0.004482508314926409,-0.055534861637964845,0.010307987476347171
11.600000000000001,-0.19003699463119664,0.007876463793231123,-0.02897359063510465,0.018047525660696326,-0.2402189802006923,0.008433121759495307,-0.23636173213910186,0.016213438891836834,-0.1559885072866642,0.005366286624090166,0.18751358262286238,0.016396575460708603,-0.086788672838846,0.004538258875265185,-0.05644332263752726,0.010432288794966235
11.700000000000001,-0.19310474264376942,0.00798416735867708,-0.02983825760987635,0.018269631448153828,-0.24356795518543656,0.00854952136694712,-0.24059464384338122,0.01639030348420762,-0.15842641417553951,0.005431234838923448,0.1901487609224087,0.016583303792335705,-0.08818526350949037,0.0045936407107170455,-0.05732989500853887,0.01055578302953863
11.8,-0.19618725094679498,0.008093054880846893,-0.030566980330074017,0.018487299213544636,-0.24690930624702362,0.00866641407955604,-0.24502303792937777,0.01656746696770726,-0.16079748920734172,0.0054962019512148266,0.19299636612555976,0.01677257341348454,-0.08955399023092996,0.004649648029819083,-0.05842125089933037,0.010677528301980196
11.9,-0.19931407565061876,0.008201668915594991,-0.031619829397702165,0.018700975534252436,-0.2502819531774995,0.008784036086107604,-0.2494073750769531,0.01674565211679362,-0.1632255125322735,0.005562362040701903,0.19573954735103175,0.016959424945669228,-0.09098497143498874,0.004705192186888962,-0.059487016461894665,0.010802448654568067
12.0,-0.2024476728429828,0.008312137982545173,-0.03265224050043708,0.018920962588141188,-0.2536050561765059,0.008903690606888429,-0.25398981756685596,0.01692016667319999,-0.16554338976042937,0.005628623973969755,0.19862422844635366,0.017146925901433983,-0.09241752162455075,0.004760896992475653,-0.060578412334585344,0.010925618934836066
12.100000000000001,-0.20569856453986912,0.00842261929883124,-0.033575285577540796,0.01914285928926506,-0.25695656619987584,0.009024783126794991,-0.2585523326550709,0.017099235652167942,-0.16794542640036894,0.00569491375029154,0.20152641273906843,0.017332592010676457,-0.09386851916638385,0.004816385327827146,-0.06157901699732456,0.011055415739958708
12.200000000000001,-0.20890011898194097,0.008533700999160421,-0.034625630935810364,0.019365358456413708,-0.2603719270794423,0.009144843154914343,-0.263277315991902,0.017278699526939657,-0.17038346117501726,0.005761319997359713,0.20438217088827274,0.017525967314752748,-0.09536200651627418,0.004871575815410609,-0.06267013524903642,0.011184534920894124
12.3,-0.2122177614524555,0.008644388857619976,-0.03578083773335896,0.019588094159658145,-0.26385773979819616,0.009266149197482096,-0.26825551293471656,0.0174543871874766,-0.1728422760748851,0.0058276221978025185,0.20725840856706332,0.01771339236497317,-0.09685666290113132,0.00492645805904195,-0.06371052376318931,0.011310186036270566
12.4,-0.21550235624808114,0.008756908439093672,-0.0371436847397191,0.019804193307012833,-0.26730823581501784,0.009388259984085474,-0.27325744263499563,0.01763217140126527,-0.17530601878716826,0.0058946308534572655,0.21013878556967064,0.017900449838375625,-0.0983740443168847,0.004981977656982157,-0.06470613349913838,0.011439518597429116
12.5,-0.21886713876993255,0.008869998569768807,-0.038366161605110374,0.020026615237864236,-0.2707033520480106,0.009511121218138944,-0.27827090200965576,0.017810402687580947,-0.17774703950037327,0.005962361747938087,0.21293101696358072,0.018088563044027683,-0.09995052583807747,0.005037216110560602,-0.06583963080548551,0.01156904159488221
12.600000000000001,-0.22224252442962392,0.0089816868382649,-0.03970545501742839,0.02024721141796119,-0.2742045669265821,0.009633048122180207,-0.283479628590621,0.01799127116484236,-0.18014526679059298,0.0060306005558004375,0.21558108160160674,0.018273472922516864,-0.10150283684100402,0.005092466552025871,-0.06701330218863275,0.011695215183787841
12.700000000000001,-0.2256995023228016,0.009094440465867763,-0.041105901014352825,0.020469495249228892,-0.27770667893571044,0.009756698115167307,-0.28884067000408614,0.018169485726542537,-0.18260436591082682,0.0060988843240317725,0.218216142011356,0.01846317868376611,-0.10303288308072549,0.005148594627422691,-0.06828079272653927,0.011826104647431971
12.8,-0.228992960167607,0.009209149226668462,-0.042414494235433524,0.020691382054256302,-0.28131353179556,0.009879961280804747,-0.29420875801669927,0.018351316300801616,-0.18509615658266637,0.0061661018428664375,0.22083754294608482,0.01865422479592122,-0.10450504908127288,0.005204471569069381,-0.06947761242761678,0.011955629093551783
12.9,-0.2323647221512419,0.009323561962013935,-0.04403589314508176,0.020914522786289816,-0.2848422089217729,0.01000335142826016,-0.2996118943267454,0.018533042777337565,-0.18754467334824113,0.006234998040227492,0.2233329677434402,0.018839253473110305,-0.10613307926957061,0.0052611388819489005,-0.0707398967771092,0.012087369972993225
13.0,-0.23576749779830722,0.009438936236048794,-0.04548854160522197,0.021142231809740904,-0.28838109232430925,0.010127707642808282,-0.30470751058738754,0.01871783033531659,-0.19004669125792076,0.0063036807037559015,0.22594325612589922,0.019030718200271534,-0.10773137510543217,0.005317470505894792,-0.07202489689771956,0.012216539410401222
13.100000000000001,-0.23921352932805157,0.009554096049841558,-0.04715074538695534,0.021368773325000305,-0.29190259019876463,0.010252210929491357,-0.3103145010993146,0.01889640050323581,-0.19246897474632949,0.006372305908320211,0.22837706814856704,0.019219512209866934,-0.10932975964828666,0.005374033371177797,-0.07345663761105346,0.012346168135773893
13.200000000000001,-0.24262033994044513,0.00966983148269415,-0.04898302772268612,0.021591639819383678,-0.29537484492270055,0.010376995099021517,-0.3158420771361709,0.019076028739625613,-0.1949461392636571,0.006442409012088229,0.2308170993994638,0.01940582189137346,-0.11089218810368576,0.005431814501538338,-0.07462377426198571,0.0124751043051848
13.3,-0.24600179943969722,0.009786878718147705,-0.05093175121090957,0.02181494195811359,-0.2988789103723942,0.01050326022235447,-0.32148530077850734,0.019259069809133635,-0.19741429774917935,0.00651243141986067,0.23358736662694066,0.019599559882582173,-0.11248382502245874,0.005489037286913852,-0.07605681275873882,0.012614537409445946
13.4,-0.24945762652180298,0.009903704794228953,-0.05269023525726343,0.02203714426141573,-0.30239359344756356,0.010629997070415061,-0.3273418318608323,0.0194404898486102,-0.1998830645748233,0.0065826977036216195,0.2360359942807842,0.019787824140188835,-0.11409241075999672,0.005545796653999909,-0.07747720194213409,0.012748298055305217
13.5,-0.25285981601141577,0.010021470859757747,-0.054588722368027955,0.022262307410363714,-0.30587709729828144,0.010756493161217833,-0.3332261669389762,0.019626821686802784,-0.2023888791064029,0.006653914516550531,0.23857338046643217,0.019976341674952845,-0.11564113777318788,0.005604449536653837,-0.07883137138843618,0.012881556894525541
13.600000000000001,-0.2563481442011471,0.010140933865534395,-0.05652232790383168,0.022485298150555326,-0.309299583155917,0.010883409008030592,-0.3392198994387726,0.01980859350840324,-0.20484053404814448,0.006724274477691657,0.24099795336259286,0.020163257538649428,-0.11724479242049625,0.005662221591045601,-0.08012691504695646,0.013017885375422257
13.700000000000001,-0.2598280522770381,0.010260862106260328,-0.058562688268558,0.02271571572022973,-0.31272734665434837,0.011010533357842859,-0.34510379210076564,0.01998979950086817,-0.20735830801164576,0.006794769252697971,0.24353259717389325,0.020350043504086007,-0.11884092729434129,0.005720550705929655,-0.08144070735363663,0.013157319340233828
13.8,-0.26329876677604674,0.010380959069667154,-0.060443827321878814,0.022939959373429214,-0.316183404729413,0.011138780278219606,-0.35124346631296455,0.02017148256603268,-0.20987222398116961,0.006866047136195014,0.24612116115777602,0.020537028228309766,-0.12037020328156933,0.005779373240466387,-0.08277318404419172,0.013296877328595823
13.9,-0.26669127564633466,0.010502925332403722,-0.062488236336252445,0.023165179222100006,-0.3197186363349351,0.01126874023164875,-0.35766288008865127,0.02034792017715817,-0.2123354759604821,0.006938521711231433,0.24857423905999212,0.02072728110355951,-0.12190003768663063,0.005838440662434376,-0.08431472554893207,0.0134363368018715
14.0,-0.27003709380661883,0.010624054785074282,-0.06458733087210092,0.023391252781858125,-0.32308697446382406,0.011399342838377922,-0.3640481265499813,0.02053131289385251,-0.21481185139716888,0.007011056106117311,0.2511200396307141,0.020917963834575327,-0.12343920730025262,0.005898345811933955,-0.08574676883880628,0.013577150461038962
14.100000000000001,-0.273533304287071,0.010745815814406827,-0.06675387152526557,0.023621532046372077,-0.3264523160298206,0.011529077306928794,-0.37023810327786233,0.020716224318221996,-0.21718142737262056,0.007083728001245233,0.2535190005263935,0.021108132857420938,-0.1249792712893373,0.005957726613560452,-0.08714133215920293,0.013717309516324544
14.200000000000001,-0.27700439399827925,0.010868988364063196,-0.06890924716587689,0.023846975076567287,-0.32978339117462624,0.011661136885354422,-0.37674438147445605,0.02089435748008952,-0.21959309869014013,0.007157308081223449,0.2561727178215633,0.021303606430113853,-0.1264626806489864,0.0060175023260966,-0.08859581766524605,0.013858751935423555
14.3,-0.2804005389150655,0.010993228593946743,-0.07093023360727253,0.02407611760910446,-0.3331430909382943,0.011792739777956801,-0.38351735835811696,0.02107641403846883,-0.22204479055058052,0.00723116578266209,0.2585816121380708,0.02149657768201938,-0.12793455843676962,0.006077591342522194,-0.0899025522998268,0.014004406838462298
14.4,-0.28376611631028315,0.011116607688031563,-0.0730101576341728,0.024299438733698317,-0.3364816727213759,0.011924867715112473,-0.3901413277013007,0.021256954039184036,-0.2245668911620182,0.007305472057882129,0.26123443698034066,0.021691178652164564,-0.12946711951159948,0.006137722057520283,-0.09129311931158587,0.014149991448432656
14.5,-0.2871553888074354,0.011239749413115441,-0.07516861887435973,0.024528098730529982,-0.3398645186698825,0.012057664382973354,-0.3966409183316592,0.021439127399350177,-0.2270170129573807,0.007379721338763001,0.26381646718010177,0.0218857585268176,-0.13100159701122177,0.006198465451426933,-0.09271839633725464,0.014295616368245816
14.600000000000001,-0.2904969717651789,0.011363334453331212,-0.07718602190150627,0.02476722265847313,-0.3431864027330163,0.012192907590190257,-0.4033088194136997,0.021623727452719985,-0.22947348704030707,0.007455271398009452,0.26653621881576944,0.02207987884191651,-0.1325978361377996,0.0062590137462764355,-0.0941118255677226,0.014440288603739656
14.700000000000001,-0.29390735570976523,0.011486126121139478,-0.0791201393248981,0.025000822031816982,-0.34660065512833255,0.012326610464627888,-0.4101554711089125,0.021806879930254326,-0.23194914308135878,0.007530128615176079,0.26934636220140706,0.022279506385371548,-0.13412170392338066,0.006319885310698229,-0.09550828541677367,0.014586747516701531
14.8,-0.29730775480328925,0.011609142931153272,-0.0812095959949584,0.02523367421530631,-0.3499632105207006,0.012459763371624761,-0.4166325102470624,0.021990706423301237,-0.23440974508576115,0.007606260376672818,0.27222073978230166,0.022473626628908096,-0.13572300340374485,0.006380234930683793,-0.09680869268251384,0.014736916645281208
14.9,-0.30070768443622375,0.011731950372088448,-0.08316211304363784,0.025470828063982088,-0.3533704369214066,0.012595692034290267,-0.423398774159547,0.022170109859358685,-0.23677802640012682,0.007683131255204526,0.2747239158057983,0.02266818670825628,-0.13719542760077857,0.006441581951232178,-0.09817603161490587,0.014885091140078485
15.0,-0.3042537195827431,0.011855992329866644,-0.08551783662740728,0.02570935129450406,-0.3567930985028197,0.012731382930855717,-0.4300717316414659,0.022360668971972267,-0.23924270305102804,0.00775980067572497,0.2774018496239641,0.022865275354084495,-0.13875428789495278,0.006503267777866061,-0.09961848085711554,0.015033770280592615
