r_A,pH6_110_8_3F,pH6_110_8_3F_sem,pH6_110_8_5F,pH6_110_8_5F_sem,pH6_200_10_3F,pH6_200_10_3F_sem,pH6_200_10_5F,pH6_200_10_5F_sem,pH6_30_12_3F,pH6_30_12_3F_sem,pH6_30_12_5F,pH6_30_12_5F_sem,pH73_170_5_3F,pH73_170_5_3F_sem,pH73_170_5_5F,pH73_170_5_5F_sem
0.1,-0.010250384098102788,0.00031776275956308807,-0.010342602029214372,0.0002835684375154506,-0.01263173368948871,0.0004002726781294936,-0.013193074313270516,0.0003113916812252785,-0.01523369534434843,0.0004615177228502463,-0.015735308256962843,0.0004286034557748091,-0.006827943934456174,0.00016619925002861233,-0.006631012595600817,0.00013782972072939336
0.2,-0.011423029974824271,0.00034106745290492094,-0.011736948617619035,0.0003173925964179333,-0.014120871137842403,0.000429708968715281,-0.015013891022090782,0.00035445024456921137,-0.017047454767291945,0.0004882635858373773,-0.018002321266576988,0.0004652486736191772,-0.007622732493862737,0.00017884981955517367,-0.0075890706255542575,0.00014928868819609912
0.30000000000000004,-0.012635844094252441,0.000367660968162204,-0.01319292669778515,0.0003567614659929103,-0.015663877710145754,0.00045847614554828185,-0.016926928760311703,0.0004029988927240556,-0.01892771009243202,0.0005165841341796684,-0.020359736349268628,0.000502069646549164,-0.008450569529226638,0.0001915547588934994,-0.008568272379328227,0.00016402785247251095
0.4,-0.013887780143028633,0.00039495909462587795,-0.014634500914378632,0.00041097543125178797,-0.017233720676611015,0.00048769897566251113,-0.018895071432288833,0.00046035392549838967,-0.020837734270767287,0.0005473780190963957,-0.022851824533373102,0.0005391222352173497,-0.009286643896894719,0.00020525973003321596,-0.009595838243173975,0.00017960454454562282
0.5,-0.01510877758737659,0.0004257526658258245,-0.016073487873902902,0.00047556735097360997,-0.018797491775140136,0.0005194728032917334,-0.0209091608725362,0.000514828081454499,-0.022786739543561516,0.0005814546416839714,-0.02537819284986874,0.0005747773542280584,-0.010143600606753794,0.00022066549194955362,-0.010617530469441874,0.00020096464094616117
0.6000000000000001,-0.016341986287873585,0.0004575131963169673,-0.01748313384549239,0.0005546892468163856,-0.02034910536220322,0.0005534542597183733,-0.022913880923606595,0.0005695144008235391,-0.024708689024375244,0.0006175384846746657,-0.027932779983964814,0.0006088433213055456,-0.010985838066871442,0.00023719447946012038,-0.011624324333214133,0.00023156334894879787
0.7000000000000001,-0.017544602595471064,0.0004921129247862237,-0.018829835966493833,0.0006477578139179983,-0.021841321647075737,0.0005894882292315957,-0.02489792810358599,0.0006230200632432499,-0.026574495674838657,0.0006565623876332489,-0.030361653088821574,0.0006477153386800835,-0.011795452355221107,0.00025608202573081226,-0.012615126686707383,0.0002664172425092936
0.8,-0.018710524291869462,0.000524459818945876,-0.020106612564550964,0.0007452933785189231,-0.02326499292384835,0.0006265832803686149,-0.02686776685078449,0.0006749829652354037,-0.02835524137510224,0.0006977755254720484,-0.03272845509902952,0.0006953843458914015,-0.012551976237682984,0.0002757603718693901,-0.01355983381922655,0.0003120418047296862
0.9,-0.019803628993841207,0.0005584550902709711,-0.021418153310198675,0.0008282677303181701,-0.024581028196439928,0.000665575617854866,-0.028765870081363085,0.0007303489108069708,-0.030046200134635062,0.0007406177487732575,-0.0349529929419781,0.0007569372150880044,-0.013282147274994315,0.00029725813489414203,-0.014466405982693128,0.00035841132189250207
1.0,-0.02084095530637888,0.0005937770178124,-0.02269231695504518,0.000903649659825745,-0.025722306382666597,0.0007080673621196734,-0.030607397010420152,0.000781640875925712,-0.03158569854917737,0.000785966227258899,-0.037119809688522194,0.0008285382476409223,-0.01394582620294695,0.0003218230136243805,-0.015332514167139356,0.00040233834638413293
1.1,-0.021825342031862077,0.0006279321851805564,-0.02387979423903805,0.0009871912872065878,-0.02677381651491912,0.000751577757910897,-0.03238685053090423,0.0008426621846504696,-0.03304161008923798,0.0008329477840860112,-0.03916102483614598,0.0009201255521038781,-0.014550385527389192,0.0003486170955960355,-0.01618047903234317,0.0004446811937220841
1.2000000000000002,-0.022720223906129655,0.0006643899886118655,-0.024891597424468153,0.001088126285673308,-0.02772091506982976,0.0007994452554404121,-0.03411204252665056,0.0009020020029410086,-0.03436956388761578,0.000882431049747148,-0.041123059559490915,0.0010225176521481874,-0.015103692062013898,0.0003775141534737136,-0.017018896738280966,0.0004835769258915647
1.3,-0.02352637381563288,0.0007024964489146642,-0.025798005445190793,0.001186718133357522,-0.02853722412965238,0.0008512297431168596,-0.03568613281733973,0.0009672962820156018,-0.03563977460298083,0.0009327531487453459,-0.042939977755284485,0.0011437471602589518,-0.015577030758976098,0.0004103509490741967,-0.017783982129684295,0.0005275968159117059
1.4000000000000001,-0.024298604988960876,0.0007413754564962627,-0.026424513917991856,0.0013203423142558613,-0.029252731092095387,0.0009044213935133402,-0.037186082690820896,0.0010453297187317733,-0.03675870453091779,0.000987700560138623,-0.044647664764828336,0.0012918504505587405,-0.0160262113970352,0.0004444292501788497,-0.01852054871565649,0.0005749879176855883
1.5,-0.02496997060741411,0.000782741761015709,-0.02682950048044401,0.001487607969329071,-0.029844700620939482,0.0009613634862700823,-0.038599974371378735,0.0011387271866285884,-0.03779704882235801,0.0010442697563971196,-0.046395009033020296,0.0014473660723175576,-0.016420176477899267,0.0004806716830590858,-0.019199094668214362,0.0006248279026599281
1.6,-0.025599444876979443,0.0008275095840188914,-0.027180610691083233,0.0016623206981196139,-0.03031193320198608,0.0010239285567703509,-0.039782566098844056,0.0012527183826747186,-0.03878846197581205,0.001101118818906899,-0.04804757467319388,0.0015887877514953429,-0.016734816261883622,0.0005204803283687926,-0.01978830702619518,0.0006833637742780759
1.7000000000000002,-0.02620061381615477,0.0008721036120212057,-0.027422259291740303,0.0018283947337052982,-0.030718159610866783,0.001089712492519265,-0.040923425070118515,0.001391164032152961,-0.039660342739224905,0.0011606512762443615,-0.049688234181711186,0.0017116511576207895,-0.01702692470861429,0.0005612403776111015,-0.020381849482388147,0.0007432804249828567
1.8,-0.026747989063844492,0.000919300675862022,-0.027664376688080163,0.001983885451071442,-0.03107458513145243,0.0011525955421451929,-0.04193287180348785,0.0015520478387828526,-0.04050976723185019,0.0012207079582685978,-0.051328513446856704,0.0018300328710826677,-0.017269129504641226,0.0006054085575406152,-0.0209117036193466,0.0008107296396890776
1.9000000000000001,-0.027265904590642934,0.0009667540944879144,-0.027740931595767914,0.0021334247610541694,-0.03135054824100323,0.0012200869213095508,-0.042928408141558426,0.0016975439392693285,-0.04123918423447332,0.0012844993828957628,-0.052833013475288904,0.0019419018603483735,-0.017481459500430126,0.0006511810642417876,-0.02141334510706849,0.0008793023184070442
2.0,-0.027671772890358534,0.0010159162102104892,-0.027750369559257256,0.002287382164119325,-0.031540184850338784,0.0012872899132026282,-0.043856458982342014,0.001849762370668131,-0.04192137945757244,0.0013501503048529303,-0.05407729962518178,0.0020641984246291094,-0.017647640957177264,0.0006992512925753526,-0.021919014781758846,0.0009450378846995007
2.1,-0.028046883591556045,0.001067172573662389,-0.027609700707037343,0.0024388762311970307,-0.03165168223275717,0.0013588743159334941,-0.04471024274081344,0.002000488832006997,-0.042455731590113226,0.00142166632708751,-0.05522547103884136,0.002197826365059586,-0.017764414791906543,0.000749484311119227,-0.0223427266366513,0.0010153263362895945
2.2,-0.028385549535972783,0.0011203581158054756,-0.02729050392978399,0.002594742101308292,-0.03169851753697766,0.0014323948584820609,-0.045370414585115725,0.0021555877354601715,-0.04293350375458703,0.0014973153351267295,-0.0561443225359718,0.0023451029053477316,-0.017854304697561177,0.0008010479790016532,-0.02270603648996811,0.0010913575519076865
2.3000000000000003,-0.028653225357213263,0.0011761796383513666,-0.026725263863466738,0.0027669865646502718,-0.03162241287004457,0.0015106096987185693,-0.04583236159641861,0.0023224713023945525,-0.043338394074245945,0.0015785041592113024,-0.05676367331398486,0.0025118490783523208,-0.017935626211019892,0.0008525529877830577,-0.022985171532155707,0.001178939725030084
2.4000000000000004,-0.0288345150658837,0.001231623910671998,-0.026022329442626762,0.0029461244005778,-0.031336635052977825,0.0015922091465649171,-0.04620869693968563,0.0024922066459620858,-0.04359573414922353,0.0016653792745070397,-0.05730086761802754,0.0026858536431962642,-0.01795126740599375,0.0009055841337561786,-0.023161472769971218,0.0012764375270501802
2.5,-0.028942568904611853,0.001289636148897522,-0.025124513653581385,0.003128542523700333,-0.03094301393634967,0.0016791934395889053,-0.04620517419742675,0.002686932258981445,-0.04373925949704558,0.0017559554427163265,-0.05767158522427803,0.00286989694122811,-0.017894412263147974,0.0009600795198172295,-0.023220795511545416,0.0013756314604649678
2.6,-0.02899836553566133,0.0013490320241253697,-0.02412712862110842,0.0033306077823338533,-0.030430755589468988,0.0017711265140432147,-0.04592129197532852,0.002890538910991943,-0.04383904916334833,0.0018493435334991921,-0.057858973870960895,0.0030676124301904375,-0.01778205040901712,0.0010190502488942388,-0.023232706521182003,0.0014792185494934384
2.7,-0.02897145810434924,0.0014122665587095258,-0.022795652249681542,0.0035471884928058714,-0.02981505842802814,0.0018689732045092079,-0.045278055658402094,0.003120446001370847,-0.04381505743044326,0.001945835992695842,-0.05782204449945607,0.0032753285306574426,-0.017608574124595218,0.001078115225083697,-0.023132585791868825,0.0015945129769714672
2.8000000000000003,-0.02884122013636532,0.0014785317867595238,-0.021294234404201525,0.0037648572424476465,-0.029106759477710967,0.0019701555045129535,-0.04460969792171171,0.003343601404799521,-0.043749149095432274,0.0020443049563621035,-0.057629793499267286,0.003497705534788315,-0.01739989327470003,0.0011391313306753877,-0.022807377236549357,0.0017181528190707601
2.9000000000000004,-0.02858193375387878,0.0015486323463407266,-0.019501802661763094,0.003995024178528544,-0.02827131495999509,0.0020753679237320074,-0.043689406333585194,0.00357369371696054,-0.04350449591628215,0.002146422527659877,-0.05724975043600607,0.0037239882891911286,-0.01702864088987653,0.0012065207380053218,-0.022372270891353678,0.0018472498855084947
3.0,-0.02822611465589924,0.00162221286068524,-0.017481800885189414,0.00422665476293316,-0.02741209180838053,0.002181334676044604,-0.04267094187846573,0.0038059237510982944,-0.04309865812709295,0.00225358170034221,-0.05664746515651872,0.003953377362132402,-0.016623558553168705,0.0012747789820992002,-0.02187888828249744,0.001982933834938349
3.1,-0.027721845343940663,0.0017031305347319475,-0.015386233127407946,0.004468025375537308,-0.026483858852628373,0.0022914836112606666,-0.04125157718854478,0.004051780553217966,-0.04260817289416589,0.0023653569667406475,-0.055940088524245306,0.0042013281512847285,-0.016116471394510678,0.0013465077072424437,-0.021159167451317497,0.002134494135199635
3.2,-0.02711914872254963,0.0017877715697729307,-0.013043844177910125,0.004719748740680715,-0.025458059779262965,0.0024083248160425355,-0.03987105954226401,0.004290357197682048,-0.04193667572827496,0.0024821069089922426,-0.055103589195707424,0.004446574765685466,-0.015520334242900813,0.001420816654889915,-0.02037181134604683,0.0022918800463930774
3.3000000000000003,-0.02648221620999937,0.0018746881781468855,-0.01051000243714661,0.004978412055781485,-0.024297557150805876,0.002526974801510003,-0.03849408020411038,0.004544087901367302,-0.04125190704093967,0.0026027692231803913,-0.05413245217898449,0.004698002642325336,-0.014925507649745554,0.0014977098132981917,-0.01956728702231237,0.0024508227974492512
3.4000000000000004,-0.025774509640553077,0.0019652722005447094,-0.007911262845532408,0.005254017276922547,-0.02303932059310445,0.0026480352410657407,-0.03700247128015147,0.00479898455872851,-0.040399677340093164,0.002729863155431156,-0.052913252387611506,0.004954403142014559,-0.01427780378290732,0.001577498717126456,-0.018627961826770727,0.0026229587912544278
3.5,-0.02507801424366126,0.0020573698598633314,-0.005190138563748371,0.0055226925360754445,-0.02162206290893324,0.002776788029363676,-0.035518322572400084,0.005057768194505278,-0.03952388938901746,0.0028614910322925045,-0.05164417724621111,0.005220905739491512,-0.013569596127905141,0.0016596807509359959,-0.01776588217352577,0.002796085724212834
3.6,-0.024326497189719756,0.0021501441828438183,-0.0024723174576853474,0.0057879356952508145,-0.020172536072412223,0.0029093442399980227,-0.033966907944369955,0.005310872868792007,-0.03850606260255417,0.002997520759455301,-0.05040274360965277,0.005486933141266537,-0.012902952406370651,0.0017410237223686356,-0.016860636846445922,0.002970793892984996
3.7,-0.02358663953542666,0.00224418440282503,0.00019636457610748022,0.006049617567935176,-0.018754760634000358,0.0030427282564507857,-0.03244223135450231,0.00557636034183416,-0.03750482740075999,0.0031368644859635464,-0.048825023084488134,0.005754584079507551,-0.012232276693580478,0.001826085678167234,-0.01590289396608053,0.0031500947029489824
3.8000000000000003,-0.02281425594535291,0.0023391452618168147,0.002949683827404595,0.006311574197285094,-0.01731630009871554,0.0031798761687376427,-0.030976043837709893,0.005833956341733955,-0.03651725624577636,0.0032797881430600287,-0.047409277756256134,0.006025080672585654,-0.011624701038742356,0.0019111967329581143,-0.015147980354850224,0.003317301815051569
3.9000000000000004,-0.02214799087790003,0.0024317743356832813,0.0056423821098949885,0.006569099573853326,-0.015892918695383427,0.0033186705584422097,-0.029413419310865965,0.00608956054657667,-0.03559014365370219,0.0034252985551298334,-0.046056780021241465,0.0062934230953443785,-0.010999882469510383,0.0019976615956480022,-0.01434697141504774,0.003491709988218399
4.0,-0.021594032815170833,0.00252612896207257,0.008350946385647385,0.006821460764770166,-0.014581642845641282,0.003455615822302625,-0.027957241894999756,0.00634324290763452,-0.03470599608014705,0.003571903553772104,-0.044792195810981726,0.006564529553012189,-0.010402854011391531,0.002084797085830002,-0.013718592152939945,0.003650821013433935
4.1000000000000005,-0.02105306096385485,0.002618507620434726,0.011208928863073887,0.007087056454611637,-0.013330152924324625,0.0035929454954240683,-0.026532475704232214,0.006598245019573082,-0.03390222246097674,0.0037186418350538255,-0.043787286636588096,0.006829437817819365,-0.009898860557064838,0.0021699234648765325,-0.013034154519940616,0.00381164902715006
4.2,-0.020614943665058973,0.0027090343685808125,0.01387689322378428,0.00733388420517126,-0.012222656858403732,0.003728812568538852,-0.0252825534279512,0.006846674912627039,-0.03320793100418999,0.0038641263490402137,-0.042653304761423566,0.00709970415162522,-0.00943473525168139,0.0022536961815453264,-0.012549490662777201,0.003965121005366773
4.3,-0.020260838348534056,0.0027972949858890987,0.01659987524126098,0.0075825264369082145,-0.011256332650977297,0.0038652971403613534,-0.02400411169595725,0.007099764516569818,-0.03250723714970844,0.004010576604922346,-0.04186991092445728,0.007370814770459653,-0.00901627165433312,0.002338591634157069,-0.012038658142240893,0.004119184289283616
4.4,-0.019949706652444006,0.002886347566941374,0.019104376556613064,0.007826191677815822,-0.010425086647803566,0.004000048445865735,-0.02298416486206353,0.00734670978101666,-0.03197588374164343,0.004154991149859949,-0.04098446315296801,0.007639524826702579,-0.008702218115711077,0.0024209747022108604,-0.011585583883623851,0.004270018884544973
4.5,-0.019731239176868882,0.0029728933917938325,0.021568142714267786,0.008068888539804605,-0.009671203212215098,0.004134707710917815,-0.022133223644017774,0.007586983239369649,-0.03163599691797728,0.004293759524942084,-0.04037461553869643,0.007915491990696327,-0.008455341605380248,0.0025026789200913524,-0.011333488571565454,0.004416186891766645
4.6000000000000005,-0.01956467563103881,0.003058332723988793,0.023845928669919015,0.008299646354697326,-0.00912452610355682,0.004266457577542596,-0.021306639339019988,0.007822019150925303,-0.03136888309562638,0.004432248755461948,-0.040007711476256556,0.008187016703822526,-0.008163049127128192,0.002584289579508717,-0.011148954972009644,0.004563474103481496
4.7,-0.01950213091257246,0.00314415614093025,0.02603600952497419,0.008531358011360088,-0.008652580139272604,0.004396851754054296,-0.020838859326133417,0.00804668285864379,-0.031165430704232548,0.004569975763035485,-0.03981603742089433,0.008444679757439627,-0.007909938702581495,0.002667103878163259,-0.011076641695067821,0.004706278365809757
4.800000000000001,-0.019457129133619445,0.003229766755159673,0.028206095991552178,0.008759737333556755,-0.008235781685759213,0.004526785483846127,-0.02058605952507749,0.008266813022675998,-0.03114581495954845,0.00470191685059231,-0.03955370159054285,0.008709076586755675,-0.007717044079977645,0.0027497198898289946,-0.011056407024966354,0.0048484203174501556
4.9,-0.019517217833107284,0.0033135945878769958,0.03021229544686582,0.008984825265847434,-0.007898826810809438,0.00465389942648688,-0.020285338074440648,0.008491388161913378,-0.031047671066847058,0.004839243416150091,-0.03976563801904723,0.008956317683166121,-0.007559880481692855,0.0028301155950780513,-0.010931910158680388,0.004987143553441352
5.0,-0.019592109201793183,0.0033984084856810834,0.03199483387037835,0.00920114690927651,-0.007627879093534501,0.004780480504306236,-0.020131656831590176,0.008711828173630025,-0.031088285926860287,0.004973917299139356,-0.04013698554561194,0.00920399931837175,-0.007446732506344456,0.002908348386471659,-0.010913975420954817,0.005123826163466649
5.1000000000000005,-0.019673580268169122,0.003483568944335744,0.03372240327642338,0.009410949867841073,-0.007291197008607925,0.004908109244572013,-0.020075680290202676,0.008930041540525482,-0.031135245210884958,0.0051078548692053945,-0.04051306210923785,0.009444435698230669,-0.00737239158754206,0.002985585867981332,-0.010981514994783064,0.0052567907360973895
5.2,-0.019730199239578153,0.0035681944561871157,0.03545737048853144,0.009617670151204826,-0.007053763155078803,0.005032591041490136,-0.020313638804674117,0.00913695461149274,-0.03127065332832189,0.005241729753387131,-0.0409515854686836,0.009683743771691873,-0.007321118050597758,0.0030619156787657763,-0.011037182200743213,0.005392179793150509
5.300000000000001,-0.019789848822331684,0.003654564909926899,0.03714510631932396,0.009826176699339724,-0.006704132053062816,0.005158176137845546,-0.020441279884642696,0.009352853572865845,-0.031399322334429824,0.005375412866722358,-0.04169252294739805,0.009902257290206534,-0.007286579056874073,0.003138130062635975,-0.0111351046229604,0.005524889262726923
5.4,-0.019800313023030085,0.003742337023272952,0.038788439203649175,0.010029692041689556,-0.006340420902504231,0.005286442325403961,-0.020450276348861835,0.009576113729583856,-0.03145344861157089,0.005511656457719035,-0.042522509350853874,0.010121244525687174,-0.007212365079805903,0.0032137830074805166,-0.011432335848475647,0.0056502102483377385
5.5,-0.019771435894279828,0.003828724869571412,0.04068688030381561,0.010235840422089963,-0.005774978610509131,0.005419615619438424,-0.02036991360750489,0.009800139312953942,-0.03137203229228004,0.00565026460019779,-0.04321474305926434,0.010345201453259465,-0.007041358400733996,0.0032900280981033483,-0.011362042075541689,0.005784238139146512
5.6000000000000005,-0.019582204586777858,0.003916981094464508,0.04264335343625855,0.010450518365409214,-0.005185460575882772,0.005552778281529768,-0.020310519953319256,0.010018752479320969,-0.031164069720205714,0.005790096323805569,-0.04375203050368276,0.010559347646764904,-0.00686772808240342,0.0033673976785459567,-0.01133556417536937,0.005921244459621293
5.7,-0.01937076585508295,0.00400615322656037,0.04479312024172531,0.010665282335833763,-0.004463530330143671,0.0056881651651839345,-0.020142905824942346,0.010248494541168466,-0.030930035793729983,0.005930663611836915,-0.04414754102951723,0.010775378931084177,-0.006623702620650447,0.0034473441269831824,-0.01112870202641576,0.006064299161640418
5.800000000000001,-0.019063732497905266,0.0040985923475783835,0.04707292888932101,0.010879859013281732,-0.0036451589036219038,0.005825477922443834,-0.019542241820882742,0.010491894814538782,-0.030483304189160877,0.006078035413704589,-0.04447708176166625,0.010999175037666077,-0.006310424258648301,0.0035261640718205183,-0.010882243416514649,0.006210900296249907
5.9,-0.01874085919302873,0.004192684135816295,0.04942191013280927,0.011098247590335713,-0.00273897426552253,0.005966944182641311,-0.018979084523874916,0.010728493305444743,-0.029969229242550896,0.006226493497963772,-0.04451683295978703,0.011217751374547839,-0.0059050407372756505,0.0036081433920108507,-0.010630701344744078,0.00636133095496769
6.0,-0.018157968642355683,0.004290248749110674,0.05189915391353708,0.011315038031282008,-0.001637430209757205,0.006109293911491868,-0.018495823138485377,0.010964272154163778,-0.029282221463553845,0.006377731827412257,-0.0446866692688405,0.011441107581448777,-0.005450576960783544,0.0036927451443211465,-0.010314516158616322,0.006510684578511462
6.1000000000000005,-0.01748770063954633,0.004390015373749747,0.054509348477617174,0.011537880071177424,-0.0004248589638138305,0.006255570120768118,-0.01769402697024985,0.01120758690511044,-0.028269469809565496,0.006535377592715212,-0.044268297097147614,0.011660072366369527,-0.004884755386331545,0.003779562470975933,-0.009803401372895676,0.00666527609131348
6.2,-0.016668994711990417,0.00449245630042777,0.057251713283047054,0.011759916896113859,0.0008899623597657211,0.0064042024238127,-0.016916057076391405,0.011460871730959757,-0.027191783730137895,0.006697266397111321,-0.04395118875541614,0.011887730272871476,-0.0043000099101951,0.003867241661244804,-0.009389625977970172,0.006821781991732368
6.300000000000001,-0.0157499839145207,0.004596147169577967,0.06012678008568568,0.011985563068031472,0.002397311296602145,0.006558034795282969,-0.01586403772455537,0.011724307572755886,-0.025970585806131676,0.006862045104148125,-0.04366859132972366,0.012109506122163901,-0.003617521449234703,0.003956913816382057,-0.0088583539235242,0.0069855596587579125
6.4,-0.01477854968679253,0.0047030207098695395,0.06309563704919849,0.012218194656288543,0.004055006831237583,0.006718230045619955,-0.014450996095761524,0.011992443324842068,-0.024623402229735438,0.007030150378573374,-0.04308535915604654,0.012333987364066525,-0.002991276998159938,0.004047228716197526,-0.008283564204530407,0.007151047042403627
6.5,-0.01365064602156581,0.004814641584511276,0.06603651999608934,0.012445892136933541,0.005748717172572862,0.006880800205266508,-0.012929493378148638,0.012258860442133236,-0.02322520675053691,0.007202015870740957,-0.04266010609800236,0.012556022189868525,-0.0022685491605578026,0.004141354542630198,-0.007623124284059884,0.007316786143738214
6.6000000000000005,-0.012573772662022184,0.004925585608756287,0.06939891945713687,0.012682618121154284,0.007567958985552096,0.007044612026606722,-0.01096177331148579,0.012540879662646085,-0.021749529997410463,0.007375976039156685,-0.042190404839664006,0.012779273581161904,-0.0015071051292629754,0.004237315944698021,-0.006954484024784598,0.0074831537168262435
6.7,-0.011473269396564727,0.005036202583726276,0.07289944894133522,0.012923619900367542,0.00942450789572027,0.007212645242970529,-0.009092734861571182,0.012826636298207116,-0.02022144193037625,0.007552479915888556,-0.04159464716540661,0.013017428978083806,-0.0006672778176694706,0.004335167091554647,-0.006205269875848424,0.0076500260422065584
6.800000000000001,-0.010315167437453907,0.005150454916806004,0.07634333736371111,0.013163519661773685,0.01137675381775375,0.007382199353190612,-0.007111679707065643,0.013121086954063551,-0.01839679026189387,0.0077342442842538986,-0.04075193628215171,0.01325632962640608,0.0002634163072710643,0.004435144464826313,-0.005515611658845896,0.007815376554875372
6.9,-0.009183203038791901,0.005263983286522372,0.07981899420073668,0.013411155901177987,0.013313304792539823,0.00755605679121866,-0.005332147073687055,0.013416928711557164,-0.01685479762491422,0.007914946952916762,-0.040137768116358816,0.013487917544608903,0.001272591002674804,0.004538156821648647,-0.004560512277773827,0.00798346159134225
7.0,-0.008003160801017147,0.005378627427352992,0.08338337440900233,0.013655379796725728,0.015495948060547807,0.007734883857557128,-0.0034208277125664325,0.013708791325958264,-0.015271625889608943,0.00810025748242909,-0.03910024372310123,0.013727224180727618,0.00229601964797914,0.004640591824566268,-0.0037834869780776037,0.00815213011661087
7.1000000000000005,-0.0069179576754338536,0.005493004765311335,0.08683484479125185,0.013899627270055254,0.017650900972027716,0.007915674353266738,-0.0018690369212425882,0.013996717220265324,-0.013648656874809602,0.008288381756168625,-0.03806569867029449,0.01397078139480373,0.003241136950640763,0.0047439292031041,-0.00297214644749295,0.008323638991818667
7.2,-0.005863265279730017,0.005608123965815377,0.09033509394858963,0.014147803640157965,0.019768059043647545,0.008101097032156201,-0.00027024529219023117,0.014291650104704795,-0.01193881337525648,0.008479166982143724,-0.03707620979275763,0.014204142076353789,0.004270780180183536,0.0048481264713693024,-0.002058052886635695,0.008506822906632417
7.300000000000001,-0.004939098106941858,0.005723458812766826,0.09353664013040679,0.01438457554284972,0.02178860927733989,0.00828433235624134,0.001815100280454252,0.014594731974160597,-0.010299979806907042,0.008671331464244482,-0.03617343986992714,0.014457242927217366,0.005315092358753157,0.004955027660188156,-0.0011284704186057264,0.008683916901448758
7.4,-0.003979730708251303,0.0058399753897451535,0.09691064872315469,0.014632887439770629,0.02368582844897339,0.008473055217162113,0.00353974700286125,0.014897806601218826,-0.008650302427903423,0.008863193508661263,-0.03549451256411346,0.014702400193176346,0.006317320855351002,0.005062251672745451,-0.00039711626606412465,0.008860171294859494
7.5,-0.003168961251167217,0.005956116534642048,0.10045470534157251,0.01488274916526886,0.025795631225657818,0.008663907718455521,0.005420711648957659,0.015211698434355004,-0.0070907886506505965,0.009058184061983617,-0.03470282257676257,0.014962153947040554,0.007236072891628756,0.005169332929836043,0.0004749436205677034,0.00904454889794539
7.6000000000000005,-0.0023604249338443294,0.006070645834802712,0.10369918237787669,0.015127069228557622,0.02780363651343238,0.00885392200000867,0.006914563894775778,0.015519856110800005,-0.0056825014702407434,0.009254912235869401,-0.034156206231303776,0.01521042826182775,0.008214069698824536,0.005279291323004184,0.001147968677573528,0.009225830218567477
7.7,-0.0014618082905443665,0.006188627382097604,0.10678055729374065,0.015374699971227488,0.02964211827364212,0.009045281622437956,0.008526449760403131,0.0158310746506306,-0.004209960525691205,0.009452437370814278,-0.03400820169219297,0.015455751605349425,0.009088376196997022,0.005384518975947584,0.001940046533733129,0.009414280404799908
7.800000000000001,-0.0007360588169326876,0.006305245636408081,0.11001967968854137,0.01563038480277138,0.03155031525993906,0.009240289352119034,0.009943839382686398,0.01614135605957384,-0.0028614110285626036,0.009651377199434557,-0.03375333819038646,0.015699205053341304,0.009996829174550076,0.005493937295168277,0.002586895970334995,0.009605124011004568
7.9,-4.990527218629927e-05,0.006423602848402288,0.11298716904139285,0.015882411172600853,0.03322519711755255,0.009434604336415043,0.011117258227932901,0.016453309149300318,-0.0016385863200291384,0.009851971567122279,-0.03396508013170883,0.015938266184631095,0.010845387814898157,0.005602879024925292,0.0031946622709412066,0.009798727966815893
8.0,0.0004498160352406842,0.006539190262641771,0.11597898631849632,0.01614529578046896,0.034812266636713926,0.00962496701432058,0.012141740938599158,0.016770842827111016,-0.0005323885091591308,0.010052977207722724,-0.034237622310586614,0.016182322666066232,0.011645387911682074,0.005712730208251448,0.0038074509815466434,0.009991482986659386
8.1,0.0010369978349230187,0.006655946231550842,0.11891318111558365,0.016411249406619977,0.03640271501563405,0.009820627276422998,0.013099371350495605,0.01708208992073107,0.000493533690503008,0.01025539595729544,-0.03491011910310783,0.01643015075810211,0.012450650003760253,0.005822358260896136,0.004320434147115808,0.01018313648029691
8.200000000000001,0.001504430033683598,0.006772833346540282,0.12183134521473427,0.016674371923112098,0.037841063887328774,0.010015861661403365,0.014128640855480198,0.017396872063535417,0.0014324432789383375,0.010458934156340194,-0.03565628043825534,0.016680261836799173,0.01317015176810624,0.005932068619387148,0.004868891279483524,0.01038753599537528
8.3,0.0017936398407795537,0.00688765454457422,0.12455196964635157,0.016941087946490917,0.03920557246959637,0.010213403568556094,0.015150043334167045,0.017726922645776032,0.0020307883794723224,0.010657195448196401,-0.036489043334156604,0.016919355691028228,0.013803771320666361,0.006039719322873253,0.0051675918015235585,0.010581719853889214
8.4,0.0020182941829514247,0.007004064011002092,0.12699276207798116,0.017200000210977756,0.04054734587605922,0.010409991774033598,0.015750643943832444,0.018047200519124975,0.002672030413690212,0.010860780441686138,-0.037639722189446785,0.017164259463827505,0.014556717856144158,0.006149196298753212,0.005583280349233478,0.010773786040404255
8.5,0.002159723991100045,0.007118713068450657,0.12933706439981674,0.017456366929103954,0.04166558188173155,0.010606391650795792,0.016189280351063394,0.01836432703590584,0.0031896017286543034,0.011062170953859385,-0.03906304719794935,0.017412640889782376,0.015114453993047403,0.006255818405507381,0.006074017360102351,0.0109741167328103
8.6,0.0022518009644595734,0.00723128117380268,0.13156197338953063,0.017735121664365007,0.042822201029468494,0.010806612922979008,0.016713218808440997,0.01868411032254663,0.00358442385392888,0.01126774319344097,-0.04063603682235432,0.017651902258781906,0.015767516587472764,0.006364273817413215,0.006192583950713816,0.011173712070539446
8.700000000000001,0.002354211656506235,0.0073465038673427565,0.13354808531434115,0.017997627538091757,0.04380849840226798,0.011007764392481925,0.0169727902491375,0.019006163940384777,0.0040038721803840474,0.01147257186920872,-0.042282006217203454,0.017897780652337318,0.01642853206009262,0.006471831380640018,0.006391253141972871,0.011365393210174178
8.8,0.0023288781685399792,0.007462525785008944,0.1356382061367835,0.018265940357530774,0.04492710872820165,0.0112122865055141,0.017117393120104126,0.019330486350599734,0.004481950365907747,0.011680269209290762,-0.04437358185922663,0.018142056391778325,0.017036546230502957,0.006579920675634193,0.00645330794438607,0.011558769415880717
8.9,0.0023352721043200467,0.007578657490743398,0.13778620168072261,0.018528584566586136,0.04597486101525001,0.011412905329180274,0.016994801415291347,0.01965306421983785,0.0049788125469933985,0.011889875751999669,-0.046628305574858954,0.018378894230530594,0.017609747529102823,0.006690175198973562,0.006430547495020482,0.011760457309325506
9.0,0.00232070791318575,0.0076958249324447035,0.13971074732715846,0.0187945134994196,0.04686644427548632,0.011617275420636548,0.016923101143876094,0.019978020589668636,0.005157161520563164,0.012097071506255086,-0.04924898938210933,0.01861618505463415,0.018172351411865344,0.0067993004183985965,0.006342018383994621,0.011958800666407287
9.1,0.0023103654409355637,0.0078123410752375284,0.14132175033314665,0.019069461138766453,0.047779757981619014,0.011824400265647234,0.01690945584917611,0.020315804772422015,0.00561549936437534,0.012307786796089501,-0.05170355055182068,0.018859319848722727,0.018595007812048883,0.00690662728952495,0.006262475320886333,0.012146806985068863
9.200000000000001,0.002266308863366553,0.007929524016668407,0.14304176459876894,0.019340173884147667,0.048798782820549995,0.012033496313578678,0.01690972019624996,0.020651732415432344,0.006056296969919405,0.012517177607317204,-0.054474473677807334,0.019093675823363698,0.01906869778918549,0.007014193595205027,0.006140041854482118,0.012342859455338287
9.3,0.002188451936703781,0.008046156249369088,0.14473986748480824,0.019610836923365252,0.04959518532780809,0.012241627484075408,0.01665919467772046,0.020993246601853446,0.006504310782775572,0.01272951539575979,-0.05756672745602093,0.019324952443792762,0.01944881075241581,0.007120937767958558,0.00587846864831164,0.012539669762119371
9.4,0.0021650034347696348,0.008165106549302277,0.14650030547333878,0.01987457837360809,0.0504858084265817,0.012450940316959463,0.01638967895627197,0.021341599351327564,0.0069897804508774015,0.01294176571534281,-0.06066033072358204,0.019553748284053665,0.01984516929510821,0.00722965641985983,0.005493380092471472,0.012732636950672754
9.5,0.002011018423901888,0.008282564352157969,0.14817495522632143,0.020142015458585048,0.0514247987440066,0.012662658973414962,0.016313537213219764,0.021688348701815373,0.007345321039385955,0.013158729729627937,-0.06361821876484657,0.019786476361820064,0.020145958481445115,0.007336747525251331,0.005223804890492786,0.012930489915601428
9.600000000000001,0.0019236036198347747,0.008401295702325225,0.14982086603970168,0.020413691809356125,0.052307874561226576,0.01287580967262835,0.016226840282912904,0.022041577927717233,0.0076566442421169435,0.013377100292130014,-0.06682295833694246,0.020010217962869517,0.020362688632768685,0.007444920229697636,0.0050895988230518635,0.013133128517804574
9.700000000000001,0.0018559446481239295,0.008519346481707098,0.15153412350263298,0.02068907668358577,0.053046722802910604,0.013087613945892172,0.01646997161279846,0.02240586006659655,0.008055652898636804,0.013594790351438972,-0.0701087014612282,0.02023882267137271,0.02062550858048905,0.0075514577013400756,0.004824115839393764,0.013336936295073473
9.8,0.0017753065691466722,0.008637023593924365,0.15332544773354964,0.020963051871266496,0.05385748660979801,0.013303608798538551,0.01633234087477936,0.02277387139081357,0.008402904978508851,0.013814958618611598,-0.0735995274520583,0.020455137238966112,0.02088237109957972,0.0076602852861001125,0.004747444290255974,0.013544482770143773
9.9,0.0017028565774266447,0.00875611780329069,0.15505759708525832,0.02123963850279469,0.05470910220819065,0.01351765673955945,0.01643196044059091,0.023133185371172968,0.008767398469437263,0.014038727038276999,-0.07706993165559375,0.020675653501579,0.02103679790080499,0.007770168646621135,0.004524440234459515,0.013742966205170088
10.0,0.0015210133415960476,0.008874474322658584,0.1568153875279113,0.02150764234069128,0.05560111193938994,0.013737068842370751,0.016575865336902418,0.023492523593053267,0.009136813023102682,0.014260535456189664,-0.08088685886135062,0.020895304628282103,0.021206436317073377,0.007875113593687316,0.004265730169722097,0.013938775557253116
10.100000000000001,0.001396973322387518,0.008993386572618108,0.1584972053142936,0.021791465728448985,0.056335330657739234,0.01395292480585101,0.016685333739287513,0.02385595486786569,0.009390821883684777,0.014485446028203354,-0.0842106402046493,0.021119029927115087,0.021365658089238793,0.007982201524933001,0.0036536822978866647,0.014132260726172987
10.200000000000001,0.0012791336372354328,0.009115751679874627,0.16022422337521194,0.02207436685268411,0.05685904031641926,0.014166574827007916,0.017004603619166028,0.02422119237992016,0.009712372321039074,0.014713063864049932,-0.08798445148036886,0.02133351550713499,0.021618280469699817,0.008092529296141768,0.003299277106168859,0.014325372114201476
10.3,0.0011312803505627936,0.00923703381570426,0.16220096573829842,0.022358662616616183,0.05758754352482335,0.014385546370051319,0.016766100843663163,0.024578820737089693,0.009948915684923228,0.014942525408204817,-0.09126413413508232,0.021553058390249867,0.021861656392643865,0.008202344159356893,0.002958620528570448,0.01452350715777462
10.4,0.0009111328359375166,0.009357953164921553,0.16423263678405842,0.02264170319002748,0.05814354752463714,0.014604852482468258,0.016821436336062867,0.024948020398422293,0.009982971328266222,0.015170054552093365,-0.09474685710577353,0.021779737601267897,0.02208087749245094,0.008310118720461977,0.0024009272650299266,0.014723363853166757
10.5,0.0007091040919127763,0.009481934523026326,0.1664336281769899,0.022940623336842148,0.05861994951740066,0.0148271903447803,0.01703721148512243,0.02531171921662079,0.01004969252979841,0.015398973858311033,-0.09794995890896352,0.022016615723308253,0.02216632264306567,0.008419120942280341,0.0020331951377607254,0.01492173207946252
10.600000000000001,0.0003311221258588165,0.009605964030143981,0.16848686945970476,0.023238174085336846,0.058879148145357815,0.015050686643448398,0.017053225681987083,0.025682242342511135,0.010070288730147935,0.015630759828013277,-0.10134571048338438,0.02224885848776139,0.022326993581028933,0.008529451919080461,0.0016474095000560613,0.015118177710725825
10.700000000000001,3.247473608759704e-05,0.009729463456478508,0.1704593567454888,0.023535879135474454,0.059306174384381294,0.015277990875427873,0.016894465741198947,0.02606058802726766,0.01001579481034356,0.01586518202743687,-0.10471091586035575,0.022485510197025417,0.02227972862223078,0.008639056337101197,0.0012123268760118123,0.015320869858815546
10.8,-0.0005098672220128872,0.009854087128629471,0.1725169005617852,0.023833177894110706,0.059783750266858754,0.015504861479364597,0.016838587943497026,0.026434523543904385,0.009915067926590795,0.016101239921207797,-0.10833657072058038,0.02271615706029774,0.022392135402622724,0.00874909660309161,0.0005648551912274909,0.01551654457273642
10.9,-0.0010223402897174127,0.009978476525630872,0.1745344637232829,0.024129927874557564,0.06002314131299602,0.015732110894901105,0.016400793269479456,0.026796141944715933,0.009783331508731686,0.016337879740776638,-0.11203775867624685,0.0229465379107738,0.022539406459906992,0.008859116802073132,0.00011999626983593113,0.015717508992936436
11.0,-0.001541099344984434,0.01010301312920446,0.17642323386956604,0.024424448240234643,0.06023718606262631,0.015959936972500692,0.016158598812547133,0.027174412737443594,0.009533554929151818,0.016576286526174457,-0.11575621810443609,0.023177888396978902,0.02250205410894773,0.00896660818444201,-0.00043117926877400984,0.01592742823778646
11.100000000000001,-0.0021611700953433205,0.010229358024867359,0.1784395181422601,0.024724741632457272,0.0604513159618669,0.016188873527594513,0.015599749074976257,0.02754099113483594,0.009352640449009561,0.016812577430539665,-0.11954756608909704,0.02341120773701299,0.022299388516397213,0.009074232900260631,-0.0009305021702028277,0.016133820786633522
11.200000000000001,-0.0028910340657149823,0.010357123505544278,0.180151271729029,0.02502214201600934,0.06059448694683273,0.016416677773716585,0.014700889792266204,0.02790885042201139,0.009025389185219498,0.01705335068300821,-0.12348639587246397,0.02363468763832787,0.022231650206554845,0.009183779929055797,-0.0017441518092592982,0.016337154072097734
11.3,-0.0037220769194069333,0.010482667333714904,0.18216107570405315,0.025322075164987877,0.06069166967540471,0.01664981727864802,0.014106271794186585,0.028288019691510128,0.00851331403060981,0.017290237934939716,-0.12769953273217513,0.02385879423202534,0.022062975086931082,0.009291996372931316,-0.0023369119558442307,0.01654786543670631
11.4,-0.004585002061105383,0.010607671053442201,0.18403467938916493,0.025620291261736088,0.06080583183039619,0.01688307050844018,0.013557259601093136,0.028656987494938915,0.008229187369006139,0.01753191098191318,-0.13174732728328134,0.024080081463410445,0.022023870526123927,0.009401926913249552,-0.0029594815008148695,0.016756018585338137
11.5,-0.005461361721062513,0.010734341755578889,0.18593187820016444,0.02590675011799098,0.06085669394696789,0.017119689656558613,0.012521374311694403,0.029025488993700437,0.00786585904387341,0.01777605849115946,-0.1361054557884719,0.024296806402592408,0.021806834003843784,0.009510345649051547,-0.003864632666139486,0.016966436239939413
11.600000000000001,-0.00643001519742232,0.010860069195133286,0.18784676615480667,0.026211010175841414,0.060741576573841424,0.017355921423634704,0.011845320962645933,0.029412839083483917,0.0073432786426902855,0.01801904397328501,-0.1407509177104589,0.024504986485296303,0.0215900980335179,0.00961923522854779,-0.004348144263201135,0.017175773144715842
11.700000000000001,-0.0073158020950249815,0.010987260127071002,0.1894202305711078,0.026505883954346034,0.06062761955231024,0.017594772017067484,0.01122790551999827,0.029809838790139726,0.0068580833729505065,0.018263203008414344,-0.1452603946536879,0.024718577667821654,0.021278906496991608,0.009726723658979265,-0.004931278696030588,0.01739042316243338
11.8,-0.008160568837540202,0.011116355456722243,0.1913090776801738,0.02680446484824658,0.06048575037265409,0.017835129136723655,0.010648622828446268,0.03018684296902296,0.006371947841079732,0.01850859179013853,-0.1500544547719284,0.02494369947486647,0.020931021164344223,0.009834813890686921,-0.005876120323563636,0.017597706227816822
11.9,-0.008988894160889556,0.011247912310170628,0.19325411720483662,0.027099739205981358,0.06025617184723764,0.018076454144654315,0.009760574515255449,0.030557661289958096,0.00584248556884227,0.018755231753059768,-0.15480696624750592,0.02516127482461656,0.0205544241126807,0.009943417960285804,-0.006714047474011744,0.0178092416276716
12.0,-0.009674840944587409,0.011379080906905169,0.19527566861908166,0.02739733757052516,0.060216795001023886,0.01832155342432519,0.008854065266505517,0.030940443633278455,0.005527038196851338,0.01900645297288854,-0.15993378660442567,0.025370156813796556,0.020097707287240155,0.010050872828083602,-0.0075777493349051955,0.018016808591059245
12.100000000000001,-0.010565172686010527,0.011510950366917445,0.1971673440472546,0.02769138322663561,0.059913059802207354,0.018567363896788248,0.008092664836023312,0.03133509168632298,0.005146088526098639,0.019261589511926386,-0.16494398071799984,0.02558952205544466,0.019619521039988742,0.01015800578907833,-0.008352450124119778,0.01823716903874295
12.200000000000001,-0.01148094342296412,0.011643065146752226,0.19902292618411438,0.027992955694912197,0.059778397124965556,0.018814392800963135,0.007191680267214539,0.03172956095440636,0.0046524777253383895,0.01951415713905192,-0.17001431464404063,0.02581047171970519,0.019112378988559244,0.01026410829447222,-0.009304846558056178,0.018457723039420518
12.3,-0.01246768762857899,0.011774494425365543,0.20078533196847947,0.028283283784558085,0.05935679650315318,0.019060113551437323,0.006140357982748638,0.03212707190854308,0.0040908850527875806,0.019769296017151907,-0.17539459656869877,0.026018512621828273,0.0185165293007934,0.010369248746231798,-0.010085521332675325,0.018674210979958045
12.4,-0.013462192713127864,0.011907740296674917,0.20268583814704733,0.02857311104473365,0.05914123991424798,0.01931049662329264,0.0049029927796983945,0.03250705963432414,0.0035184651576267664,0.020025404986166496,-0.1807910521318906,0.026235532215128404,0.01791534150892142,0.010476436677924536,-0.010967419761126862,0.01889445068961404
12.5,-0.014367551871908347,0.012042731638341419,0.20460328746145673,0.0288678892243991,0.05891906461331977,0.019563501603952402,0.0036515335044642796,0.032894694955055336,0.0030305492165697053,0.02028332866200821,-0.1861834044878954,0.026445693609479258,0.01725606344281915,0.010581374241539996,-0.012029911098411485,0.019113613266544514
12.600000000000001,-0.015269825654099144,0.012178812677513499,0.20630767480600862,0.029158384169599434,0.05856700175398415,0.019811284612123333,0.0022504926234626172,0.033285976059887076,0.0023273362834567474,0.02053789658930363,-0.19173920061468952,0.026664000570341562,0.0164912079937076,0.01068585058934296,-0.012995019539857173,0.019331459572879652
12.700000000000001,-0.016331831372876547,0.012313917460087942,0.20785653015939773,0.029445027313568777,0.05803139027547976,0.020064240838205592,0.0008809998438244295,0.033672718908459395,0.0016794757176890318,0.02079790884079918,-0.19763145368462207,0.02687482377735942,0.015808229992537726,0.01079339671855566,-0.014188903673453086,0.01954988861562147
12.8,-0.01744617616869478,0.012447405866424234,0.20932144878392106,0.029739198807984375,0.05770678063534105,0.020321015663032623,-0.0005549467491288831,0.0340525387712488,0.0008391276671018642,0.02105583506110814,-0.203406253347791,0.02709929122854356,0.015245167996030535,0.010897891878470779,-0.015391345679138984,0.019765478429676117
12.9,-0.018594943220086646,0.012582626910019226,0.21069833097724305,0.030019299642003866,0.05738607209116759,0.02057562930348851,-0.0023403250751952843,0.03444486490582259,0.000198652173403112,0.02131411088079327,-0.2091413662233102,0.02731552267111039,0.014364687928596164,0.011003771635580093,-0.0168853760910104,0.019988568718943476
13.0,-0.01977374813847661,0.012716959973659335,0.21212266604126995,0.030308776666173893,0.057067517521273696,0.02083187186625654,-0.003775408424951071,0.03485782290467153,-0.0006739602916326403,0.02157469831619564,-0.21482479648728428,0.02754073622113144,0.013551837309547489,0.011109241503698554,-0.0179865678425544,0.020209200197071817
13.100000000000001,-0.020908470697571672,0.012850507889264673,0.21358112999697634,0.030597065172529678,0.05663885425971839,0.021087828383292196,-0.005557804205746285,0.03525442873420849,-0.001395566742486909,0.021835302873093963,-0.22109798515509677,0.02773364898078281,0.01276818976835743,0.01121475706854357,-0.019435391745034846,0.02043047699005294
13.200000000000001,-0.022102559923332654,0.012989557380779676,0.2147777979336009,0.030870817777128454,0.05621344615921265,0.021344649907817374,-0.007709203135190614,0.035640613469200125,-0.0021236108017937275,0.02209566071006597,-0.22725867682641207,0.027939308802917458,0.011977762755401963,0.011321630700434912,-0.020683604383654196,0.020646246492254404
13.3,-0.023308814005736655,0.013126057536354393,0.21669068569835717,0.03116534984990871,0.055918699133926525,0.02160526214794765,-0.009841730508900208,0.03603152111331377,-0.002758145111588071,0.022359350371587587,-0.23377505583941524,0.02814687766463982,0.011185855851108574,0.01142703737885527,-0.022097714568972776,0.020883770518386406
13.4,-0.024647633684669695,0.013263512965209492,0.2179728582096842,0.031439540297568416,0.0555877903636091,0.021863836734751445,-0.011737748955532562,0.03641100730848963,-0.0035527016035839945,0.022624849806405768,-0.24038018240001707,0.028355354769717834,0.010303141647154413,0.011531605530826227,-0.02372449032131722,0.021106820193313523
13.5,-0.026019265371673206,0.01340311338503835,0.2194097305324206,0.03172366846460417,0.05541757756436347,0.022124479559723947,-0.01407714404916111,0.036796337340320444,-0.004239536502014484,0.02288653533492845,-0.24705141367624067,0.028579957902164728,0.00946251818301452,0.011640190410417835,-0.025265519317061103,0.021335452892682908
13.600000000000001,-0.027287516139412275,0.013540924371690214,0.22093477976812192,0.03199967811277812,0.055122342832414795,0.022389790481277167,-0.016176222231536967,0.03718261683434732,-0.004950209224760037,0.023149049484514787,-0.2540721454244239,0.028785567919600196,0.008522381524044005,0.011746104980121491,-0.02689194955064748,0.021565351772897423
13.700000000000001,-0.02851285735983315,0.013678597326177837,0.2223446188243145,0.03227340824176679,0.054901635245083055,0.02265531574069933,-0.018688656870297353,0.03758894714986351,-0.005713200022392019,0.023409996009090377,-0.260960216606451,0.028991963032037504,0.007640163115124527,0.011852237722935649,-0.028421036912516462,0.021797440421136283
13.8,-0.029862574210126083,0.013817570473646526,0.22382057433607008,0.0325408952062534,0.05460751248888594,0.022920798999647683,-0.02098986457102962,0.03797927573846313,-0.006409473342883129,0.02367459150058297,-0.2683785071461379,0.029187787703891035,0.006758959506434164,0.011959096109597741,-0.030236630154144517,0.022034597203973293
13.9,-0.031126089258719517,0.013957278493692835,0.22548483958642102,0.032829157049595666,0.054499291876715907,0.023189425029498254,-0.023293237572491972,0.03837515360663068,-0.007241124455528179,0.023942856945640863,-0.2761619458447046,0.02937701865848048,0.005931324098343699,0.012066023094713808,-0.0321172315650876,0.022267273829234668
14.0,-0.0325451783638455,0.014096775536673888,0.22701976407268643,0.0331144232372867,0.05461993007103783,0.02345622690162682,-0.025915817076537884,0.03876126443393831,-0.007751415858745813,0.02421033712222757,-0.2839957453289825,0.029581966397985195,0.005107586696130686,0.012174644049160578,-0.03412304920110429,0.022501755764228474
14.100000000000001,-0.03374758305508494,0.014236094063528016,0.22852227605678882,0.03340291051802175,0.05443182864986997,0.02372484158308289,-0.028475012088243844,0.03915891273308141,-0.008213618535162717,0.024475507370282805,-0.2916026352147958,0.029783482658044633,0.004240147011203973,0.012281331824649777,-0.03628849492026958,0.022733161910543014
14.200000000000001,-0.03500858401064373,0.01437679721785366,0.23027954181472685,0.03369245548346291,0.05426662157454869,0.023994879065661744,-0.03126034784950294,0.03954779921376143,-0.00871599328066091,0.024745533373155444,-0.299691686339102,0.029979790685479468,0.003416122443204255,0.012388278632239052,-0.038204008785199486,0.02297196615730131
14.3,-0.03637127946583264,0.014518531232090418,0.23207921169443932,0.03399463991585276,0.05415367575080628,0.024267167916923685,-0.03400083027884559,0.03993690305689804,-0.009309363416634268,0.025014294520254412,-0.30812164319822555,0.030186491251704733,0.0025081792337698894,0.012495266714774588,-0.04005343242318267,0.023209833513242368
14.4,-0.037742529432452786,0.014661418468856185,0.23427512334069497,0.0342938218463477,0.05420869383809634,0.024536281976209693,-0.036796438481580165,0.04031167704032568,-0.009852104834872985,0.025283114402947657,-0.3160930676334303,0.03038883925517879,0.00160876717540016,0.012603549174539512,-0.042029901876520365,0.023450766179684664
14.5,-0.039075534259720636,0.014802797710221728,0.2362883113103051,0.03460182790091008,0.05399823092594639,0.024804695949576367,-0.039700946726155074,0.040705148297559224,-0.010448518647839463,0.025553539680800815,-0.32407927235275846,0.030579302194075668,0.0006631685707055176,0.012710993543238321,-0.04389255646065781,0.02369366232124149
14.600000000000001,-0.040398440098029446,0.014946480934980468,0.23854836650664507,0.03490225375953001,0.053941762590069026,0.025073380057813836,-0.0421015104699549,0.04112846463471969,-0.011135208176884416,0.025829949352978034,-0.33256686201267077,0.030775061086693128,-0.0003356555686967466,0.01281810771334351,-0.04608066414407276,0.02392605637257984
14.700000000000001,-0.04179506512113924,0.015087951347580971,0.24090635739354363,0.0352129029635467,0.05370721214062779,0.02533876929404372,-0.04481713871023014,0.04154219211501697,-0.011882877500707337,0.026101846162478234,-0.3411371993446633,0.030978513931549614,-0.0012493107610985364,0.012926611731929218,-0.048094891324721126,0.024165279439571054
14.8,-0.04329078734167358,0.015230828748960323,0.24340466155361173,0.035518359862296955,0.05328830748822802,0.025605206635732475,-0.047580875974888505,0.04194238920641812,-0.012661491081155442,0.026372734059888214,-0.34952296964670326,0.031180877066798965,-0.0023331783274253177,0.013031863029087239,-0.050278949580792015,0.024407085491434288
14.9,-0.044557442413694394,0.015375052114573464,0.24558375749543018,0.0358305862799625,0.05294991087444316,0.025868982839805727,-0.05033833914466644,0.04235628354591669,-0.01338167787994357,0.026649500118957965,-0.35792023842422205,0.031376334850245394,-0.0032680415870521046,0.013139336427295303,-0.052140473018696155,0.024651805661602445
15.0,-0.04606979956964384,0.015518010315572482,0.24790331366292115,0.03612939280625944,0.05241361480906111,0.026137131906180427,-0.053399019824354264,0.04277491119177031,-0.01434245180804894,0.02692454022558685,-0.36647821901283983,0.03158207739794959,-0.004267222565921037,0.013248526786512355,-0.05439184710396881,0.02489737107322195
