residue,hbond_share_3F,abundance_share_3F,enrichment_3F,hbond_share_5F,abundance_share_5F,enrichment_5F
GLN,13.93,4.84,2.88,0.67,1.44,0.47
ASN,24.53,9.36,2.62,36.1,15.56,2.32
SER,21.39,11.22,1.91,10.89,9.92,1.1
HISE,1.87,1.4,1.34,0.35,0.29,1.21
TRP,0.63,0.48,1.31,0.0,0.0,
ARG,4.26,4.46,0.96,0.0,0.0,
LYS,3.97,4.12,0.96,1.9,2.61,0.73
ASP,5.48,5.78,0.95,3.23,3.97,0.81
THR,6.26,7.06,0.89,23.8,15.95,1.49
ALA,7.44,9.14,0.81,8.06,10.72,0.75
TYR,2.34,3.85,0.61,0.0,1.24,0.0
GLY,3.89,8.16,0.48,4.52,5.4,0.84
PHE,1.75,3.85,0.45,4.26,7.76,0.55
PRO,1.15,5.28,0.22,2.76,5.22,0.53
GLUH,0.24,1.52,0.16,1.17,0.77,1.52
ILE,0.31,3.37,0.09,0.51,4.15,0.12
GLU,0.14,1.86,0.07,1.59,2.88,0.55
VAL,0.25,4.45,0.06,0.97,5.89,0.17
