region_type,prot_resname,prot_atom,count,length_mean
3F,ASN,ND2,27552,3.1379791587932435
3F,SER,OG,18640,3.069862707761865
3F,GLN,NE2,13561,3.1405166661689417
3F,SER,N,10922,3.1282878538489673
3F,SER,O,9605,3.0891651004135037
3F,ALA,N,6588,3.133751577647669
3F,ASN,OD1,6000,3.1170935354783373
3F,THR,OG1,5528,3.071831847442572
3F,ALA,O,5332,3.100116619194261
3F,GLN,OE1,4784,3.1104876831474226
3F,GLY,N,4645,3.127363029003386
3F,LYS,N,4444,3.154556606657458
3F,ASN,O,4401,3.103481770396373
3F,THR,N,4119,3.1101685214714276
3F,GLN,O,3564,3.1056299739416313
3F,GLY,O,3319,3.108357050757556
3F,ASN,N,3287,3.126507021052913
3F,TYR,OH,3204,3.0817986716810006
3F,ARG,NH1,3155,3.0903249468395093
3F,ARG,NH2,3111,3.0906229364601874
3F,LYS,NZ,3063,2.995928612724769
3F,THR,O,2960,3.0921638106085605
3F,GLN,N,2726,3.089776889083387
3F,ASP,N,2705,3.135239166650071
3F,PHE,N,2540,3.1239305496448777
3F,ASP,O,2302,3.0998048633712574
3F,HISE,NE2,2130,3.10920850199064
3F,LYS,O,1909,3.1188722089998495
3F,PRO,O,1352,3.1179311071090794
3F,ASP,OD2,1044,3.1383379940265828
3F,TYR,N,1043,3.121265861392891
3F,ASP,OD1,869,3.174735664073958
3F,ARG,NE,828,3.2243730186897013
3F,VAL,O,824,3.1285828143997167
3F,PHE,O,762,3.12915774326788
3F,LEU,O,726,3.1014575459779214
3F,GLU,O,639,3.1254344249046655
3F,TRP,NE1,634,3.2178693555403712
3F,ILE,O,375,3.015442899602284
3F,GLU,OE2,346,3.1814596352117688
3F,ARG,N,320,3.147279549337723
3F,HISH,N,306,3.0182464437171515
3F,GLU,OE1,304,3.1609092856369836
3F,GLU,N,275,3.176287794659514
3F,HISE,ND1,264,3.243750114136135
3F,TRP,O,201,3.1257760126207454
3F,HISE,O,197,3.1285925054880726
3F,ILE,N,195,3.161662537302079
3F,ARG,O,189,3.0992754396238698
3F,TRP,N,175,3.2161275872739084
3F,ASPH,O,157,3.0670738193765934
3F,TYR,O,143,3.119781561802919
3F,HISH,ND1,138,2.935981469361466
3F,GLUH,O,102,3.0569308643473567
3F,PRO,N,77,3.3422264922198526
3F,GLUH,OE2,63,3.09717182371543
3F,GLUH,OE1,49,3.1377065140624767
3F,HISE,N,31,3.149897414598172
3F,VAL,N,31,3.3108532027693833
3F,ASPH,OD2,26,3.17801833431587
3F,LEU,N,9,3.3394743549477583
3F,MET,N,4,3.239047403508388
5F,ASN,ND2,13686,3.1355344886255296
5F,THR,OG1,6012,3.068678441581911
5F,ASN,O,3809,3.098877298175704
5F,THR,N,3657,3.1165482005515943
5F,ASN,OD1,2898,3.1404281223496064
5F,SER,OG,2870,3.078417742605358
5F,THR,O,2312,3.0994190068752863
5F,ALA,N,2290,3.1351337194368503
5F,ALA,O,1988,3.108740576699544
5F,LYS,NZ,1834,3.0027772702444016
5F,PRO,O,1759,3.08543179559804
5F,GLN,NE2,1493,3.1613803577547612
5F,SER,O,1415,3.1047518774682197
5F,PHE,O,1261,3.083594281147778
5F,ASN,N,1208,3.1504224508878824
5F,GLY,O,1149,3.106794511999179
5F,GLY,N,974,3.1477113552610003
5F,GLU,N,890,3.1242045531174045
5F,ASP,O,792,3.113682411435488
5F,PHE,N,706,3.1572874120428343
5F,GLN,OE1,648,3.1310002097299017
5F,HISE,NE2,550,3.1368244174227584
5F,GLN,O,531,3.113721260791592
5F,ASP,N,508,3.0638066402528423
5F,GLUH,O,493,3.1060693097519856
5F,SER,N,418,3.1577464997353455
5F,GLU,O,274,3.142349958861168
5F,ASP,OD2,268,3.1708581855421727
5F,VAL,O,257,3.1793079235889787
5F,ASP,OD1,255,3.1742233095115995
5F,HISE,ND1,214,3.2225995530251934
5F,GLU,OE2,185,3.1753220509414084
5F,GLU,OE1,156,3.1931520174297168
5F,CYS,O,150,3.014867106560949
5F,LEU,N,110,3.3309235721474604
5F,LEU,O,78,3.077005795932097
5F,PRO,N,73,3.3537762905924433
5F,MET,O,59,3.163803925609258
5F,VAL,N,33,3.221805713010818
5F,ILE,N,31,3.1476242201427924
5F,CYS,N,30,3.1935674128052516
5F,GLN,N,26,3.2192169225196867
5F,TRP,O,23,3.216065299905376
5F,TYR,O,16,3.1162023566271597
5F,ILE,O,13,3.114812987059342
5F,MET,N,3,3.3224701915479073
5F,GLUH,OE2,1,3.189321044650364
neither,ASN,ND2,903,3.1686653341450963
neither,SER,O,789,3.1184936212970964
neither,ASN,OD1,570,3.103451494374388
neither,LYS,N,426,3.047104677565568
neither,GLN,O,372,3.070607007574213
neither,ALA,N,272,3.132351338364118
neither,TRP,O,269,3.1333585008897935
neither,THR,OG1,268,3.1499439621300724
neither,SER,N,261,3.213559849420367
neither,SER,OG,237,3.1161142730306985
neither,ALA,O,227,3.08805842719034
neither,GLUH,O,215,3.1049246270144044
neither,GLN,NE2,189,3.177033027644329
neither,THR,O,150,3.094119800444133
neither,TRP,N,144,3.0980785799701835
neither,ASP,OD1,128,3.1553345399401977
neither,ASN,O,100,3.136499447218455
neither,GLN,OE1,96,3.1385819907358514
neither,ASN,N,88,3.223137229542878
neither,ASP,OD2,58,3.1635761037975096
neither,ARG,NH2,45,3.0571955926320054
neither,GLUH,OE1,31,3.1355645581683262
neither,GLUH,OE2,19,3.2504905007297284
neither,THR,N,14,3.3075430302390187
neither,ARG,NH1,12,3.0432458446434043
neither,GLUH,N,9,3.1561830348553537
neither,LYS,O,6,3.0914066325225407
neither,ARG,NE,5,3.3271806486165842
neither,ASP,O,3,3.2064426742505585
neither,VAL,N,3,3.389869403533735
neither,TYR,OH,2,3.0356964992016464
