condition_label,formulation,block,pH,NaCl_mM,sucrose_pct,region_type,region_index,n_residues,gamma23_mean_perresidue,gamma23_total
pH6 110mM 8%  [C - rank 1],C,formulation,6,110,8,3F,0,247,0.019319,4.7718
pH6 110mM 8%  [C - rank 1],C,formulation,6,110,8,3F,1,261,0.013971,3.6464
pH6 110mM 8%  [C - rank 1],C,formulation,6,110,8,3F,2,221,0.103138,22.7935
pH6 110mM 8%  [C - rank 1],C,formulation,6,110,8,3F,3,252,0.239839,60.4395
pH6 110mM 8%  [C - rank 1],C,formulation,6,110,8,3F,4,249,-0.284311,-70.7934
pH6 110mM 8%  [C - rank 1],C,formulation,6,110,8,3F,5,243,0.163827,39.8099
pH6 110mM 8%  [C - rank 1],C,formulation,6,110,8,3F,6,252,-0.092979,-23.4307
pH6 110mM 8%  [C - rank 1],C,formulation,6,110,8,3F,7,245,0.199017,48.7592
pH6 110mM 8%  [C - rank 1],C,formulation,6,110,8,3F,8,251,0.151557,38.0407
pH6 110mM 8%  [C - rank 1],C,formulation,6,110,8,3F,9,266,-0.099472,-26.4594
pH6 110mM 8%  [C - rank 1],C,formulation,6,110,8,3F,10,235,0.039616,9.3097
pH6 110mM 8%  [C - rank 1],C,formulation,6,110,8,3F,11,241,-0.084357,-20.3301
pH6 110mM 8%  [C - rank 1],C,formulation,6,110,8,3F,12,238,-0.202856,-48.2798
pH6 110mM 8%  [C - rank 1],C,formulation,6,110,8,3F,13,237,0.144208,34.1773
pH6 110mM 8%  [C - rank 1],C,formulation,6,110,8,3F,14,241,0.410328,98.8889
pH6 110mM 8%  [C - rank 1],C,formulation,6,110,8,3F,15,245,-0.151032,-37.0029
pH6 110mM 8%  [C - rank 1],C,formulation,6,110,8,3F,16,253,-0.075026,-18.9815
pH6 110mM 8%  [C - rank 1],C,formulation,6,110,8,3F,17,243,-0.089968,-21.8623
pH6 110mM 8%  [C - rank 1],C,formulation,6,110,8,3F,18,228,-0.079405,-18.1043
pH6 110mM 8%  [C - rank 1],C,formulation,6,110,8,3F,19,245,-0.277347,-67.9501
pH6 110mM 8%  [C - rank 1],C,formulation,6,110,8,5F,0,83,0.409025,33.9491
pH6 110mM 8%  [C - rank 1],C,formulation,6,110,8,5F,1,79,0.461512,36.4595
pH6 110mM 8%  [C - rank 1],C,formulation,6,110,8,5F,2,86,0.278054,23.9127
pH6 110mM 8%  [C - rank 1],C,formulation,6,110,8,5F,3,85,0.136111,11.5694
pH6 110mM 8%  [C - rank 1],C,formulation,6,110,8,5F,4,82,0.07868,6.4517
pH6 110mM 8%  [C - rank 1],C,formulation,6,110,8,5F,5,81,0.142926,11.577
pH6 110mM 8%  [C - rank 1],C,formulation,6,110,8,5F,6,86,0.792305,68.1382
pH6 110mM 8%  [C - rank 1],C,formulation,6,110,8,5F,7,87,-0.336201,-29.2495
pH6 110mM 8%  [C - rank 1],C,formulation,6,110,8,5F,8,83,-0.15304,-12.7023
pH6 110mM 8%  [C - rank 1],C,formulation,6,110,8,5F,9,83,-0.117154,-9.7238
pH6 110mM 8%  [C - rank 1],C,formulation,6,110,8,5F,10,81,0.170175,13.7841
pH6 110mM 8%  [C - rank 1],C,formulation,6,110,8,5F,11,82,0.028483,2.3356
pH7.3 170mM 5%  [F - rank 2],F,formulation,7.3,170,5,3F,0,242,0.258743,62.6158
pH7.3 170mM 5%  [F - rank 2],F,formulation,7.3,170,5,3F,1,244,-0.154265,-37.6407
pH7.3 170mM 5%  [F - rank 2],F,formulation,7.3,170,5,3F,2,243,0.238001,57.8342
pH7.3 170mM 5%  [F - rank 2],F,formulation,7.3,170,5,3F,3,219,-0.194105,-42.509
pH7.3 170mM 5%  [F - rank 2],F,formulation,7.3,170,5,3F,4,228,-0.001028,-0.2343
pH7.3 170mM 5%  [F - rank 2],F,formulation,7.3,170,5,3F,5,244,-0.072064,-17.5837
pH7.3 170mM 5%  [F - rank 2],F,formulation,7.3,170,5,3F,6,238,-0.098104,-23.3487
pH7.3 170mM 5%  [F - rank 2],F,formulation,7.3,170,5,3F,7,219,0.04992,10.9325
pH7.3 170mM 5%  [F - rank 2],F,formulation,7.3,170,5,3F,8,231,-0.142423,-32.8997
pH7.3 170mM 5%  [F - rank 2],F,formulation,7.3,170,5,3F,9,220,0.09606,21.1332
pH7.3 170mM 5%  [F - rank 2],F,formulation,7.3,170,5,3F,10,233,0.098679,22.9922
pH7.3 170mM 5%  [F - rank 2],F,formulation,7.3,170,5,3F,11,244,0.466609,113.8525
pH7.3 170mM 5%  [F - rank 2],F,formulation,7.3,170,5,3F,12,238,0.036454,8.6761
pH7.3 170mM 5%  [F - rank 2],F,formulation,7.3,170,5,3F,13,240,-0.018916,-4.5398
pH7.3 170mM 5%  [F - rank 2],F,formulation,7.3,170,5,3F,14,236,-0.166493,-39.2924
pH7.3 170mM 5%  [F - rank 2],F,formulation,7.3,170,5,3F,15,243,-0.162812,-39.5634
pH7.3 170mM 5%  [F - rank 2],F,formulation,7.3,170,5,3F,16,232,0.109422,25.3858
pH7.3 170mM 5%  [F - rank 2],F,formulation,7.3,170,5,3F,17,225,0.040579,9.1302
pH7.3 170mM 5%  [F - rank 2],F,formulation,7.3,170,5,3F,18,247,0.020606,5.0897
pH7.3 170mM 5%  [F - rank 2],F,formulation,7.3,170,5,3F,19,245,-0.000519,-0.1271
pH7.3 170mM 5%  [F - rank 2],F,formulation,7.3,170,5,5F,0,84,0.623749,52.3949
pH7.3 170mM 5%  [F - rank 2],F,formulation,7.3,170,5,5F,1,86,-0.021538,-1.8523
pH7.3 170mM 5%  [F - rank 2],F,formulation,7.3,170,5,5F,2,86,-0.20965,-18.0299
pH7.3 170mM 5%  [F - rank 2],F,formulation,7.3,170,5,5F,3,82,0.188571,15.4629
pH7.3 170mM 5%  [F - rank 2],F,formulation,7.3,170,5,5F,4,84,0.01929,1.6203
pH7.3 170mM 5%  [F - rank 2],F,formulation,7.3,170,5,5F,5,82,-0.071255,-5.8429
pH7.3 170mM 5%  [F - rank 2],F,formulation,7.3,170,5,5F,6,86,-0.184079,-15.8308
pH7.3 170mM 5%  [F - rank 2],F,formulation,7.3,170,5,5F,7,86,0.044521,3.8288
pH7.3 170mM 5%  [F - rank 2],F,formulation,7.3,170,5,5F,8,86,-0.121761,-10.4714
pH7.3 170mM 5%  [F - rank 2],F,formulation,7.3,170,5,5F,9,85,0.18369,15.6136
pH7.3 170mM 5%  [F - rank 2],F,formulation,7.3,170,5,5F,10,86,-0.126928,-10.9158
pH7.3 170mM 5%  [F - rank 2],F,formulation,7.3,170,5,5F,11,87,-0.248578,-21.6263
pH6 30mM 12%  [D - rank 3],D,formulation,6,30,12,3F,0,241,0.164102,39.5487
pH6 30mM 12%  [D - rank 3],D,formulation,6,30,12,3F,1,243,0.006391,1.5529
pH6 30mM 12%  [D - rank 3],D,formulation,6,30,12,3F,2,251,-0.129403,-32.4801
pH6 30mM 12%  [D - rank 3],D,formulation,6,30,12,3F,3,255,-0.217218,-55.3907
pH6 30mM 12%  [D - rank 3],D,formulation,6,30,12,3F,4,227,0.008746,1.9853
pH6 30mM 12%  [D - rank 3],D,formulation,6,30,12,3F,5,243,0.693923,168.6233
pH6 30mM 12%  [D - rank 3],D,formulation,6,30,12,3F,6,281,-0.040987,-11.5174
pH6 30mM 12%  [D - rank 3],D,formulation,6,30,12,3F,7,238,-0.112663,-26.8137
pH6 30mM 12%  [D - rank 3],D,formulation,6,30,12,3F,8,247,0.102233,25.2516
pH6 30mM 12%  [D - rank 3],D,formulation,6,30,12,3F,9,249,-0.193968,-48.2981
pH6 30mM 12%  [D - rank 3],D,formulation,6,30,12,3F,10,243,-0.155693,-37.8335
pH6 30mM 12%  [D - rank 3],D,formulation,6,30,12,3F,11,242,-0.175287,-42.4195
pH6 30mM 12%  [D - rank 3],D,formulation,6,30,12,3F,12,254,0.087356,22.1885
pH6 30mM 12%  [D - rank 3],D,formulation,6,30,12,3F,13,257,-0.277171,-71.233
pH6 30mM 12%  [D - rank 3],D,formulation,6,30,12,3F,14,264,0.377811,99.7422
pH6 30mM 12%  [D - rank 3],D,formulation,6,30,12,3F,15,254,-0.143195,-36.3715
pH6 30mM 12%  [D - rank 3],D,formulation,6,30,12,3F,16,240,0.243163,58.359
pH6 30mM 12%  [D - rank 3],D,formulation,6,30,12,3F,17,235,0.266804,62.6989
pH6 30mM 12%  [D - rank 3],D,formulation,6,30,12,3F,18,242,-0.08617,-20.8531
pH6 30mM 12%  [D - rank 3],D,formulation,6,30,12,3F,19,256,-0.200793,-51.4029
pH6 30mM 12%  [D - rank 3],D,formulation,6,30,12,5F,0,89,-0.377746,-33.6194
pH6 30mM 12%  [D - rank 3],D,formulation,6,30,12,5F,1,79,-0.447212,-35.3298
pH6 30mM 12%  [D - rank 3],D,formulation,6,30,12,5F,2,86,-0.387428,-33.3188
pH6 30mM 12%  [D - rank 3],D,formulation,6,30,12,5F,3,86,0.116176,9.9911
pH6 30mM 12%  [D - rank 3],D,formulation,6,30,12,5F,4,81,-0.261467,-21.1789
pH6 30mM 12%  [D - rank 3],D,formulation,6,30,12,5F,5,80,0.384844,30.7876
pH6 30mM 12%  [D - rank 3],D,formulation,6,30,12,5F,6,82,-0.171243,-14.042
pH6 30mM 12%  [D - rank 3],D,formulation,6,30,12,5F,7,82,0.474331,38.8951
pH6 30mM 12%  [D - rank 3],D,formulation,6,30,12,5F,8,84,-0.018353,-1.5417
pH6 30mM 12%  [D - rank 3],D,formulation,6,30,12,5F,9,82,0.121328,9.9489
pH6 30mM 12%  [D - rank 3],D,formulation,6,30,12,5F,10,80,-0.015081,-1.2065
pH6 30mM 12%  [D - rank 3],D,formulation,6,30,12,5F,11,82,-0.362273,-29.7064
pH7.3 30mM 12%  [E - rank 4],E,formulation,7.3,30,12,3F,0,234,-0.113539,-26.5681
pH7.3 30mM 12%  [E - rank 4],E,formulation,7.3,30,12,3F,1,231,-0.507624,-117.2611
pH7.3 30mM 12%  [E - rank 4],E,formulation,7.3,30,12,3F,2,236,-0.092467,-21.8222
pH7.3 30mM 12%  [E - rank 4],E,formulation,7.3,30,12,3F,3,248,0.080879,20.058
pH7.3 30mM 12%  [E - rank 4],E,formulation,7.3,30,12,3F,4,220,-0.238247,-52.4143
pH7.3 30mM 12%  [E - rank 4],E,formulation,7.3,30,12,3F,5,222,0.306866,68.1243
pH7.3 30mM 12%  [E - rank 4],E,formulation,7.3,30,12,3F,6,247,-0.36254,-89.5474
pH7.3 30mM 12%  [E - rank 4],E,formulation,7.3,30,12,3F,7,241,-0.244892,-59.019
pH7.3 30mM 12%  [E - rank 4],E,formulation,7.3,30,12,3F,8,240,-0.23489,-56.3736
pH7.3 30mM 12%  [E - rank 4],E,formulation,7.3,30,12,3F,9,225,-0.403384,-90.7613
pH7.3 30mM 12%  [E - rank 4],E,formulation,7.3,30,12,3F,10,213,0.042593,9.0724
pH7.3 30mM 12%  [E - rank 4],E,formulation,7.3,30,12,3F,11,232,-0.274117,-63.5952
pH7.3 30mM 12%  [E - rank 4],E,formulation,7.3,30,12,3F,12,222,0.435244,96.6241
pH7.3 30mM 12%  [E - rank 4],E,formulation,7.3,30,12,3F,13,233,-0.120843,-28.1565
pH7.3 30mM 12%  [E - rank 4],E,formulation,7.3,30,12,3F,14,236,-0.222726,-52.5633
pH7.3 30mM 12%  [E - rank 4],E,formulation,7.3,30,12,3F,15,245,-0.218036,-53.4188
pH7.3 30mM 12%  [E - rank 4],E,formulation,7.3,30,12,3F,16,249,0.080272,19.9877
pH7.3 30mM 12%  [E - rank 4],E,formulation,7.3,30,12,3F,17,244,-0.311519,-76.0107
pH7.3 30mM 12%  [E - rank 4],E,formulation,7.3,30,12,3F,18,241,0.141375,34.0714
pH7.3 30mM 12%  [E - rank 4],E,formulation,7.3,30,12,3F,19,244,0.09659,23.5681
pH7.3 30mM 12%  [E - rank 4],E,formulation,7.3,30,12,5F,0,86,-0.270606,-23.2721
pH7.3 30mM 12%  [E - rank 4],E,formulation,7.3,30,12,5F,1,83,0.599731,49.7777
pH7.3 30mM 12%  [E - rank 4],E,formulation,7.3,30,12,5F,2,85,-0.413629,-35.1585
pH7.3 30mM 12%  [E - rank 4],E,formulation,7.3,30,12,5F,3,85,0.116698,9.9193
pH7.3 30mM 12%  [E - rank 4],E,formulation,7.3,30,12,5F,4,85,-0.303776,-25.821
pH7.3 30mM 12%  [E - rank 4],E,formulation,7.3,30,12,5F,5,85,0.193678,16.4626
pH7.3 30mM 12%  [E - rank 4],E,formulation,7.3,30,12,5F,6,83,-0.230718,-19.1496
pH7.3 30mM 12%  [E - rank 4],E,formulation,7.3,30,12,5F,7,86,-0.332952,-28.6339
pH7.3 30mM 12%  [E - rank 4],E,formulation,7.3,30,12,5F,8,85,-0.613194,-52.1215
pH7.3 30mM 12%  [E - rank 4],E,formulation,7.3,30,12,5F,9,86,-0.274814,-23.634
pH7.3 30mM 12%  [E - rank 4],E,formulation,7.3,30,12,5F,10,86,-0.392696,-33.7719
pH7.3 30mM 12%  [E - rank 4],E,formulation,7.3,30,12,5F,11,84,0.132959,11.1685
pH6 200mM 10%,,DOE,6,200,10,3F,0,235,0.029352,6.8978
pH6 200mM 10%,,DOE,6,200,10,3F,1,234,0.077514,18.1383
pH6 200mM 10%,,DOE,6,200,10,3F,2,246,0.254942,62.7158
pH6 200mM 10%,,DOE,6,200,10,3F,3,261,0.094806,24.7443
pH6 200mM 10%,,DOE,6,200,10,3F,4,226,0.220895,49.9223
pH6 200mM 10%,,DOE,6,200,10,3F,5,241,0.132513,31.9356
pH6 200mM 10%,,DOE,6,200,10,3F,6,253,-0.154827,-39.1713
pH6 200mM 10%,,DOE,6,200,10,3F,7,237,-0.079132,-18.7543
pH6 200mM 10%,,DOE,6,200,10,3F,8,230,-0.160187,-36.8429
pH6 200mM 10%,,DOE,6,200,10,3F,9,247,-0.054792,-13.5335
pH6 200mM 10%,,DOE,6,200,10,3F,10,243,0.136937,33.2756
pH6 200mM 10%,,DOE,6,200,10,3F,11,246,0.45234,111.2756
pH6 200mM 10%,,DOE,6,200,10,3F,12,239,0.022107,5.2837
pH6 200mM 10%,,DOE,6,200,10,3F,13,246,-0.175645,-43.2087
pH6 200mM 10%,,DOE,6,200,10,3F,14,243,-0.182886,-44.4414
pH6 200mM 10%,,DOE,6,200,10,3F,15,232,0.257479,59.7352
pH6 200mM 10%,,DOE,6,200,10,3F,16,223,0.054797,12.2197
pH6 200mM 10%,,DOE,6,200,10,3F,17,245,0.486332,119.1513
pH6 200mM 10%,,DOE,6,200,10,3F,18,230,-0.003238,-0.7448
pH6 200mM 10%,,DOE,6,200,10,3F,19,242,-0.296565,-71.7687
pH6 200mM 10%,,DOE,6,200,10,5F,0,81,-0.423729,-34.3221
pH6 200mM 10%,,DOE,6,200,10,5F,1,82,0.203615,16.6964
pH6 200mM 10%,,DOE,6,200,10,5F,2,85,-0.074834,-6.3609
pH6 200mM 10%,,DOE,6,200,10,5F,3,88,0.671973,59.1336
pH6 200mM 10%,,DOE,6,200,10,5F,4,84,0.392779,32.9935
pH6 200mM 10%,,DOE,6,200,10,5F,5,83,0.112976,9.377
pH6 200mM 10%,,DOE,6,200,10,5F,6,86,-0.002677,-0.2302
pH6 200mM 10%,,DOE,6,200,10,5F,7,82,0.387111,31.7431
pH6 200mM 10%,,DOE,6,200,10,5F,8,83,-0.156829,-13.0168
pH6 200mM 10%,,DOE,6,200,10,5F,9,83,-0.246396,-20.4509
pH6 200mM 10%,,DOE,6,200,10,5F,10,84,-0.211857,-17.796
pH6 200mM 10%,,DOE,6,200,10,5F,11,80,-0.51468,-41.1744
pH6 30mM 1%,,DOE,6,30,1,3F,0,254,0.049912,12.6776
pH6 30mM 1%,,DOE,6,30,1,3F,1,252,-0.019072,-4.8063
pH6 30mM 1%,,DOE,6,30,1,3F,2,249,-0.016218,-4.0382
pH6 30mM 1%,,DOE,6,30,1,3F,3,255,0.024551,6.2606
pH6 30mM 1%,,DOE,6,30,1,3F,4,240,-0.021074,-5.0577
pH6 30mM 1%,,DOE,6,30,1,3F,5,229,-0.031961,-7.319
pH6 30mM 1%,,DOE,6,30,1,3F,6,256,-0.06538,-16.7374
pH6 30mM 1%,,DOE,6,30,1,3F,7,265,0.01933,5.1225
pH6 30mM 1%,,DOE,6,30,1,3F,8,248,0.038079,9.4437
pH6 30mM 1%,,DOE,6,30,1,3F,9,249,0.303512,75.5745
pH6 30mM 1%,,DOE,6,30,1,3F,10,264,-0.071417,-18.854
pH6 30mM 1%,,DOE,6,30,1,3F,11,238,-0.029992,-7.1381
pH6 30mM 1%,,DOE,6,30,1,3F,12,242,-0.075218,-18.2027
pH6 30mM 1%,,DOE,6,30,1,3F,13,261,0.113786,29.6983
pH6 30mM 1%,,DOE,6,30,1,3F,14,240,0.025109,6.0261
pH6 30mM 1%,,DOE,6,30,1,3F,15,245,-0.032452,-7.9507
pH6 30mM 1%,,DOE,6,30,1,3F,16,244,0.07419,18.1023
pH6 30mM 1%,,DOE,6,30,1,3F,17,260,0.159146,41.3779
pH6 30mM 1%,,DOE,6,30,1,3F,18,233,-0.009419,-2.1945
pH6 30mM 1%,,DOE,6,30,1,3F,19,267,-0.037422,-9.9918
pH6 30mM 1%,,DOE,6,30,1,5F,0,86,-0.076293,-6.5612
pH6 30mM 1%,,DOE,6,30,1,5F,1,84,-0.043707,-3.6714
pH6 30mM 1%,,DOE,6,30,1,5F,2,85,-0.049263,-4.1873
pH6 30mM 1%,,DOE,6,30,1,5F,3,85,-0.000119,-0.0101
pH6 30mM 1%,,DOE,6,30,1,5F,4,79,-0.089339,-7.0578
pH6 30mM 1%,,DOE,6,30,1,5F,5,83,0.03118,2.588
pH6 30mM 1%,,DOE,6,30,1,5F,6,84,-0.073786,-6.198
pH6 30mM 1%,,DOE,6,30,1,5F,7,88,-0.022949,-2.0195
pH6 30mM 1%,,DOE,6,30,1,5F,8,83,0.133703,11.0974
pH6 30mM 1%,,DOE,6,30,1,5F,9,84,0.317993,26.7114
pH6 30mM 1%,,DOE,6,30,1,5F,10,85,0.206584,17.5597
pH6 30mM 1%,,DOE,6,30,1,5F,11,82,-0.035445,-2.9065
pH6 200mM 1%,,DOE,6,200,1,3F,0,227,0.02235,5.0734
pH6 200mM 1%,,DOE,6,200,1,3F,1,258,0.040661,10.4905
pH6 200mM 1%,,DOE,6,200,1,3F,2,248,0.005239,1.2992
pH6 200mM 1%,,DOE,6,200,1,3F,3,241,0.166143,40.0404
pH6 200mM 1%,,DOE,6,200,1,3F,4,239,-0.022943,-5.4833
pH6 200mM 1%,,DOE,6,200,1,3F,5,239,-0.026324,-6.2914
pH6 200mM 1%,,DOE,6,200,1,3F,6,256,-0.007673,-1.9644
pH6 200mM 1%,,DOE,6,200,1,3F,7,230,0.010578,2.433
pH6 200mM 1%,,DOE,6,200,1,3F,8,235,0.013662,3.2106
pH6 200mM 1%,,DOE,6,200,1,3F,9,261,-0.060899,-15.8946
pH6 200mM 1%,,DOE,6,200,1,3F,10,243,0.052256,12.6982
pH6 200mM 1%,,DOE,6,200,1,3F,11,233,-0.018471,-4.3037
pH6 200mM 1%,,DOE,6,200,1,3F,12,232,-0.042816,-9.9333
pH6 200mM 1%,,DOE,6,200,1,3F,13,256,0.031868,8.1582
pH6 200mM 1%,,DOE,6,200,1,3F,14,269,-0.042612,-11.4626
pH6 200mM 1%,,DOE,6,200,1,3F,15,243,-0.006013,-1.4611
pH6 200mM 1%,,DOE,6,200,1,3F,16,260,-0.021201,-5.5123
pH6 200mM 1%,,DOE,6,200,1,3F,17,240,-0.010192,-2.4461
pH6 200mM 1%,,DOE,6,200,1,3F,18,233,-0.055341,-12.8944
pH6 200mM 1%,,DOE,6,200,1,3F,19,245,0.026218,6.4235
pH6 200mM 1%,,DOE,6,200,1,5F,0,84,-0.02692,-2.2613
pH6 200mM 1%,,DOE,6,200,1,5F,1,83,-0.00685,-0.5685
pH6 200mM 1%,,DOE,6,200,1,5F,2,84,0.011832,0.9938
pH6 200mM 1%,,DOE,6,200,1,5F,3,80,-0.056134,-4.4907
pH6 200mM 1%,,DOE,6,200,1,5F,4,89,-0.091545,-8.1475
pH6 200mM 1%,,DOE,6,200,1,5F,5,80,-0.039276,-3.1421
pH6 200mM 1%,,DOE,6,200,1,5F,6,81,0.040147,3.2519
pH6 200mM 1%,,DOE,6,200,1,5F,7,88,-0.063654,-5.6016
pH6 200mM 1%,,DOE,6,200,1,5F,8,82,-0.08112,-6.6518
pH6 200mM 1%,,DOE,6,200,1,5F,9,81,0.014813,1.1998
pH6 200mM 1%,,DOE,6,200,1,5F,10,84,-0.072059,-6.0529
pH6 200mM 1%,,DOE,6,200,1,5F,11,80,0.043532,3.4825
pH6 30mM 10%,,DOE,6,30,10,3F,0,261,0.237175,61.9027
pH6 30mM 10%,,DOE,6,30,10,3F,1,257,-0.326042,-83.7927
pH6 30mM 10%,,DOE,6,30,10,3F,2,242,-0.369052,-89.3106
pH6 30mM 10%,,DOE,6,30,10,3F,3,248,-0.064314,-15.9498
pH6 30mM 10%,,DOE,6,30,10,3F,4,227,0.30565,69.3826
pH6 30mM 10%,,DOE,6,30,10,3F,5,237,-0.490324,-116.2069
pH6 30mM 10%,,DOE,6,30,10,3F,6,255,-0.054648,-13.9353
pH6 30mM 10%,,DOE,6,30,10,3F,7,240,0.133657,32.0777
pH6 30mM 10%,,DOE,6,30,10,3F,8,254,0.194515,49.4068
pH6 30mM 10%,,DOE,6,30,10,3F,9,243,0.078332,19.0346
pH6 30mM 10%,,DOE,6,30,10,3F,10,255,-0.064079,-16.34
pH6 30mM 10%,,DOE,6,30,10,3F,11,246,0.188991,46.4917
pH6 30mM 10%,,DOE,6,30,10,3F,12,251,-0.329913,-82.8081
pH6 30mM 10%,,DOE,6,30,10,3F,13,259,0.344421,89.2049
pH6 30mM 10%,,DOE,6,30,10,3F,14,254,0.132742,33.7165
pH6 30mM 10%,,DOE,6,30,10,3F,15,259,-0.240518,-62.2941
pH6 30mM 10%,,DOE,6,30,10,3F,16,239,-0.109034,-26.0592
pH6 30mM 10%,,DOE,6,30,10,3F,17,234,-0.01127,-2.6373
pH6 30mM 10%,,DOE,6,30,10,3F,18,252,0.038391,9.6746
pH6 30mM 10%,,DOE,6,30,10,3F,19,237,0.092764,21.9851
pH6 30mM 10%,,DOE,6,30,10,5F,0,84,-0.483699,-40.6307
pH6 30mM 10%,,DOE,6,30,10,5F,1,79,-0.026638,-2.1044
pH6 30mM 10%,,DOE,6,30,10,5F,2,88,-0.123521,-10.8698
pH6 30mM 10%,,DOE,6,30,10,5F,3,89,-0.148333,-13.2016
pH6 30mM 10%,,DOE,6,30,10,5F,4,78,0.182902,14.2664
pH6 30mM 10%,,DOE,6,30,10,5F,5,79,0.571664,45.1615
pH6 30mM 10%,,DOE,6,30,10,5F,6,85,0.013022,1.1069
pH6 30mM 10%,,DOE,6,30,10,5F,7,79,0.921657,72.8109
pH6 30mM 10%,,DOE,6,30,10,5F,8,87,-0.357001,-31.0591
pH6 30mM 10%,,DOE,6,30,10,5F,9,83,-0.153175,-12.7135
pH6 30mM 10%,,DOE,6,30,10,5F,10,82,0.172402,14.137
pH6 30mM 10%,,DOE,6,30,10,5F,11,83,0.214576,17.8098
pH8 30mM 1%,,DOE,8,30,1,3F,0,236,0.024637,5.8142
pH8 30mM 1%,,DOE,8,30,1,3F,1,228,0.100024,22.8054
pH8 30mM 1%,,DOE,8,30,1,3F,2,224,-0.069077,-15.4732
pH8 30mM 1%,,DOE,8,30,1,3F,3,256,-0.052293,-13.387
pH8 30mM 1%,,DOE,8,30,1,3F,4,262,0.004194,1.099
pH8 30mM 1%,,DOE,8,30,1,3F,5,253,-0.020339,-5.1459
pH8 30mM 1%,,DOE,8,30,1,3F,6,227,-0.011766,-2.6708
pH8 30mM 1%,,DOE,8,30,1,3F,7,235,-0.007802,-1.8335
pH8 30mM 1%,,DOE,8,30,1,3F,8,233,-0.003805,-0.8866
pH8 30mM 1%,,DOE,8,30,1,3F,9,254,0.004433,1.126
pH8 30mM 1%,,DOE,8,30,1,3F,10,235,0.009684,2.2757
pH8 30mM 1%,,DOE,8,30,1,3F,11,248,0.020006,4.9616
pH8 30mM 1%,,DOE,8,30,1,3F,12,238,-0.038173,-9.0851
pH8 30mM 1%,,DOE,8,30,1,3F,13,256,-0.003647,-0.9336
pH8 30mM 1%,,DOE,8,30,1,3F,14,232,0.068847,15.9725
pH8 30mM 1%,,DOE,8,30,1,3F,15,235,0.031245,7.3427
pH8 30mM 1%,,DOE,8,30,1,3F,16,245,-0.011243,-2.7545
pH8 30mM 1%,,DOE,8,30,1,3F,17,240,0.082559,19.8142
pH8 30mM 1%,,DOE,8,30,1,3F,18,254,-0.00218,-0.5536
pH8 30mM 1%,,DOE,8,30,1,3F,19,254,-0.054762,-13.9096
pH8 30mM 1%,,DOE,8,30,1,5F,0,86,-0.060172,-5.1748
pH8 30mM 1%,,DOE,8,30,1,5F,1,85,-0.087428,-7.4314
pH8 30mM 1%,,DOE,8,30,1,5F,2,88,-0.040913,-3.6004
pH8 30mM 1%,,DOE,8,30,1,5F,3,87,0.246,21.402
pH8 30mM 1%,,DOE,8,30,1,5F,4,87,-0.03859,-3.3573
pH8 30mM 1%,,DOE,8,30,1,5F,5,86,0.247709,21.303
pH8 30mM 1%,,DOE,8,30,1,5F,6,88,0.009617,0.8463
pH8 30mM 1%,,DOE,8,30,1,5F,7,86,-0.087089,-7.4897
pH8 30mM 1%,,DOE,8,30,1,5F,8,80,-0.09325,-7.46
pH8 30mM 1%,,DOE,8,30,1,5F,9,80,-0.037412,-2.993
pH8 30mM 1%,,DOE,8,30,1,5F,10,85,0.1571,13.3535
pH8 30mM 1%,,DOE,8,30,1,5F,11,80,-0.096208,-7.6966
pH8 200mM 1%,,DOE,8,200,1,3F,0,262,0.09735,25.5057
pH8 200mM 1%,,DOE,8,200,1,3F,1,234,-0.045749,-10.7053
pH8 200mM 1%,,DOE,8,200,1,3F,2,236,-0.03083,-7.2759
pH8 200mM 1%,,DOE,8,200,1,3F,3,233,0.087473,20.3811
pH8 200mM 1%,,DOE,8,200,1,3F,4,231,0.018037,4.1666
pH8 200mM 1%,,DOE,8,200,1,3F,5,228,0.036006,8.2094
pH8 200mM 1%,,DOE,8,200,1,3F,6,249,-0.053169,-13.2392
pH8 200mM 1%,,DOE,8,200,1,3F,7,262,0.009488,2.4859
pH8 200mM 1%,,DOE,8,200,1,3F,8,228,0.031419,7.1635
pH8 200mM 1%,,DOE,8,200,1,3F,9,259,-0.012861,-3.331
pH8 200mM 1%,,DOE,8,200,1,3F,10,244,-0.041833,-10.2073
pH8 200mM 1%,,DOE,8,200,1,3F,11,258,-0.034526,-8.9077
pH8 200mM 1%,,DOE,8,200,1,3F,12,240,-0.004132,-0.9916
pH8 200mM 1%,,DOE,8,200,1,3F,13,229,-0.049429,-11.3191
pH8 200mM 1%,,DOE,8,200,1,3F,14,239,-0.03081,-7.3636
pH8 200mM 1%,,DOE,8,200,1,3F,15,255,-0.038487,-9.8142
pH8 200mM 1%,,DOE,8,200,1,3F,16,251,0.00147,0.369
pH8 200mM 1%,,DOE,8,200,1,3F,17,234,0.023452,5.4878
pH8 200mM 1%,,DOE,8,200,1,3F,18,238,0.055035,13.0983
pH8 200mM 1%,,DOE,8,200,1,3F,19,246,0.106949,26.3095
pH8 200mM 1%,,DOE,8,200,1,5F,0,84,0.093478,7.8522
pH8 200mM 1%,,DOE,8,200,1,5F,1,80,0.090126,7.2101
pH8 200mM 1%,,DOE,8,200,1,5F,2,85,-0.083363,-7.0858
pH8 200mM 1%,,DOE,8,200,1,5F,3,86,0.036352,3.1263
pH8 200mM 1%,,DOE,8,200,1,5F,4,84,-0.072749,-6.1109
pH8 200mM 1%,,DOE,8,200,1,5F,5,80,-0.085492,-6.8393
pH8 200mM 1%,,DOE,8,200,1,5F,6,85,-0.097765,-8.3101
pH8 200mM 1%,,DOE,8,200,1,5F,7,86,-0.066085,-5.6833
pH8 200mM 1%,,DOE,8,200,1,5F,8,85,0.027962,2.3767
pH8 200mM 1%,,DOE,8,200,1,5F,9,83,0.025245,2.0953
pH8 200mM 1%,,DOE,8,200,1,5F,10,79,-0.078737,-6.2202
pH8 200mM 1%,,DOE,8,200,1,5F,11,82,-0.097643,-8.0067
pH8 200mM 10%,,DOE,8,200,10,3F,0,233,0.102649,23.9172
pH8 200mM 10%,,DOE,8,200,10,3F,1,234,-0.089657,-20.9797
pH8 200mM 10%,,DOE,8,200,10,3F,2,236,-0.156769,-36.9976
pH8 200mM 10%,,DOE,8,200,10,3F,3,235,-0.017859,-4.1969
pH8 200mM 10%,,DOE,8,200,10,3F,4,243,-0.284137,-69.0453
pH8 200mM 10%,,DOE,8,200,10,3F,5,224,-0.010144,-2.2724
pH8 200mM 10%,,DOE,8,200,10,3F,6,234,0.421933,98.7323
pH8 200mM 10%,,DOE,8,200,10,3F,7,242,0.412038,99.7132
pH8 200mM 10%,,DOE,8,200,10,3F,8,231,-0.331696,-76.6217
pH8 200mM 10%,,DOE,8,200,10,3F,9,238,-0.344405,-81.9684
pH8 200mM 10%,,DOE,8,200,10,3F,10,240,-0.228775,-54.906
pH8 200mM 10%,,DOE,8,200,10,3F,11,254,-0.030388,-7.7185
pH8 200mM 10%,,DOE,8,200,10,3F,12,231,0.243466,56.2406
pH8 200mM 10%,,DOE,8,200,10,3F,13,223,-0.287833,-64.1867
pH8 200mM 10%,,DOE,8,200,10,3F,14,238,0.190383,45.3112
pH8 200mM 10%,,DOE,8,200,10,3F,15,259,-0.195887,-50.7348
pH8 200mM 10%,,DOE,8,200,10,3F,16,242,-0.182392,-44.1388
pH8 200mM 10%,,DOE,8,200,10,3F,17,223,-0.180918,-40.3448
pH8 200mM 10%,,DOE,8,200,10,3F,18,240,0.099627,23.9104
pH8 200mM 10%,,DOE,8,200,10,3F,19,228,0.309881,70.6528
pH8 200mM 10%,,DOE,8,200,10,5F,0,86,-0.400826,-34.471
pH8 200mM 10%,,DOE,8,200,10,5F,1,82,-0.378248,-31.0163
pH8 200mM 10%,,DOE,8,200,10,5F,2,86,0.479924,41.2735
pH8 200mM 10%,,DOE,8,200,10,5F,3,83,-0.060195,-4.9962
pH8 200mM 10%,,DOE,8,200,10,5F,4,81,0.222452,18.0186
pH8 200mM 10%,,DOE,8,200,10,5F,5,81,-0.122731,-9.9412
pH8 200mM 10%,,DOE,8,200,10,5F,6,84,-0.623117,-52.3418
pH8 200mM 10%,,DOE,8,200,10,5F,7,83,-0.356319,-29.5745
pH8 200mM 10%,,DOE,8,200,10,5F,8,84,-0.21784,-18.2986
pH8 200mM 10%,,DOE,8,200,10,5F,9,84,-0.278901,-23.4277
pH8 200mM 10%,,DOE,8,200,10,5F,10,86,0.433949,37.3196
pH8 200mM 10%,,DOE,8,200,10,5F,11,87,0.343086,29.8485
pH8 30mM 10%,,DOE,8,30,10,3F,0,236,-0.103782,-24.4925
pH8 30mM 10%,,DOE,8,30,10,3F,1,247,-0.320159,-79.0794
pH8 30mM 10%,,DOE,8,30,10,3F,2,264,-0.060435,-15.9549
pH8 30mM 10%,,DOE,8,30,10,3F,3,242,-0.328523,-79.5027
pH8 30mM 10%,,DOE,8,30,10,3F,4,232,-0.099613,-23.1101
pH8 30mM 10%,,DOE,8,30,10,3F,5,242,-0.042631,-10.3167
pH8 30mM 10%,,DOE,8,30,10,3F,6,246,0.117611,28.9323
pH8 30mM 10%,,DOE,8,30,10,3F,7,219,-0.250237,-54.8018
pH8 30mM 10%,,DOE,8,30,10,3F,8,232,-0.014602,-3.3877
pH8 30mM 10%,,DOE,8,30,10,3F,9,220,-0.041899,-9.2178
pH8 30mM 10%,,DOE,8,30,10,3F,10,217,0.197648,42.8896
pH8 30mM 10%,,DOE,8,30,10,3F,11,245,0.188943,46.2911
pH8 30mM 10%,,DOE,8,30,10,3F,12,251,-0.06552,-16.4456
pH8 30mM 10%,,DOE,8,30,10,3F,13,252,-0.167049,-42.0963
pH8 30mM 10%,,DOE,8,30,10,3F,14,246,-0.073415,-18.0602
pH8 30mM 10%,,DOE,8,30,10,3F,15,246,0.051469,12.6613
pH8 30mM 10%,,DOE,8,30,10,3F,16,240,-0.336256,-80.7014
pH8 30mM 10%,,DOE,8,30,10,3F,17,222,0.215317,47.8003
pH8 30mM 10%,,DOE,8,30,10,3F,18,221,-0.060382,-13.3444
pH8 30mM 10%,,DOE,8,30,10,3F,19,232,0.394525,91.5299
pH8 30mM 10%,,DOE,8,30,10,5F,0,87,-0.106264,-9.245
pH8 30mM 10%,,DOE,8,30,10,5F,1,84,-0.078094,-6.5599
pH8 30mM 10%,,DOE,8,30,10,5F,2,82,-0.484563,-39.7342
pH8 30mM 10%,,DOE,8,30,10,5F,3,88,0.169707,14.9342
pH8 30mM 10%,,DOE,8,30,10,5F,4,84,0.248901,20.9077
pH8 30mM 10%,,DOE,8,30,10,5F,5,83,-0.338739,-28.1153
pH8 30mM 10%,,DOE,8,30,10,5F,6,82,-0.27747,-22.7526
pH8 30mM 10%,,DOE,8,30,10,5F,7,86,-0.38485,-33.0971
pH8 30mM 10%,,DOE,8,30,10,5F,8,86,0.479603,41.2459
pH8 30mM 10%,,DOE,8,30,10,5F,9,85,-0.196648,-16.7151
pH8 30mM 10%,,DOE,8,30,10,5F,10,82,-0.067623,-5.5451
pH8 30mM 10%,,DOE,8,30,10,5F,11,85,-0.208312,-17.7066
