r_angstrom,s30mM_1pct_pH6_gamma23_mean,s30mM_1pct_pH6_SE_raw,s30mM_1pct_pH6_SE_corrected_x8.5,s30mM_1pct_pH8_gamma23_mean,s30mM_1pct_pH8_SE_raw,s30mM_1pct_pH8_SE_corrected_x8.5,s30mM_10pct_pH6_gamma23_mean,s30mM_10pct_pH6_SE_raw,s30mM_10pct_pH6_SE_corrected_x8.5,s30mM_10pct_pH8_gamma23_mean,s30mM_10pct_pH8_SE_raw,s30mM_10pct_pH8_SE_corrected_x8.5,s200mM_1pct_pH6_gamma23_mean,s200mM_1pct_pH6_SE_raw,s200mM_1pct_pH6_SE_corrected_x8.5,s200mM_1pct_pH8_gamma23_mean,s200mM_1pct_pH8_SE_raw,s200mM_1pct_pH8_SE_corrected_x8.5,s200mM_10pct_pH6_gamma23_mean,s200mM_10pct_pH6_SE_raw,s200mM_10pct_pH6_SE_corrected_x8.5,s200mM_10pct_pH8_gamma23_mean,s200mM_10pct_pH8_SE_raw,s200mM_10pct_pH8_SE_corrected_x8.5
0.1,-11.29579,0.05645,0.47979,-13.64826,0.02347,0.19951,-132.26130,0.10697,0.90925,-133.07482,0.08516,0.72389,-11.79395,0.03896,0.33116,-12.25186,0.03930,0.33404,-129.37072,0.16162,1.37375,-134.59344,0.10297,0.87527
0.2,-11.75224,0.06025,0.51210,-14.50720,0.02690,0.22864,-139.43370,0.11970,1.01746,-141.63015,0.10167,0.86417,-12.40338,0.04333,0.36832,-13.01694,0.04187,0.35593,-136.56313,0.18390,1.56312,-143.07381,0.11505,0.97797
0.3,-12.20587,0.06467,0.54966,-15.36178,0.02963,0.25183,-146.03176,0.13751,1.16883,-149.75424,0.12301,1.04557,-12.93767,0.04784,0.40663,-13.73760,0.04624,0.39307,-143.18947,0.20916,1.77784,-150.99085,0.13453,1.14351
0.4,-12.54180,0.06911,0.58747,-16.13109,0.03537,0.30062,-151.84725,0.16511,1.40340,-157.19474,0.14805,1.25839,-13.36308,0.05444,0.46272,-14.39072,0.05069,0.43083,-149.12755,0.23843,2.02662,-158.22100,0.15448,1.31311
0.5,-12.86734,0.07398,0.62883,-16.83699,0.04077,0.34654,-156.97943,0.19184,1.63066,-163.72828,0.17800,1.51304,-13.65998,0.06210,0.52785,-15.00621,0.05459,0.46402,-154.22940,0.27528,2.33988,-164.68111,0.18064,1.53547
0.6,-13.07646,0.07949,0.67570,-17.45321,0.04583,0.38957,-161.21809,0.22782,1.93648,-169.49415,0.20726,1.76171,-13.87040,0.07080,0.60178,-15.52399,0.05824,0.49501,-158.41635,0.31531,2.68016,-170.31704,0.20693,1.75890
0.7,-13.07775,0.08697,0.73921,-17.95701,0.05101,0.43357,-164.40268,0.26771,2.27550,-174.16240,0.24347,2.06950,-13.89310,0.08101,0.68859,-15.90496,0.06263,0.53236,-161.66482,0.35903,3.05172,-174.84340,0.23581,2.00441
0.8,-12.94709,0.09672,0.82210,-18.36082,0.05727,0.48682,-166.69984,0.30578,2.59910,-177.87506,0.27530,2.34002,-13.81842,0.09157,0.77833,-16.23823,0.06610,0.56185,-163.78184,0.40668,3.45675,-178.27249,0.27373,2.32670
0.9,-12.69731,0.10549,0.89663,-18.60438,0.06305,0.53590,-167.57762,0.35426,3.01122,-180.65420,0.31056,2.63972,-13.66189,0.10072,0.85611,-16.49825,0.06976,0.59299,-164.69388,0.45947,3.90552,-180.68425,0.31265,2.65750
1.0,-12.31871,0.11751,0.99880,-18.73156,0.06918,0.58807,-167.43442,0.41354,3.51512,-182.28068,0.34292,2.91481,-13.43790,0.10966,0.93212,-16.68223,0.07499,0.63743,-164.30773,0.52543,4.46612,-182.07006,0.35816,3.04434
1.1,-11.70138,0.13029,1.10750,-18.66746,0.07397,0.62875,-166.30859,0.48048,4.08406,-182.88933,0.38472,3.27008,-13.17853,0.11789,1.00209,-16.73594,0.08042,0.68359,-162.78398,0.58863,5.00332,-182.70281,0.40195,3.41661
1.2,-10.90571,0.14505,1.23293,-18.47366,0.08030,0.68252,-164.01121,0.55022,4.67688,-182.65519,0.42758,3.63443,-12.86087,0.12682,1.07801,-16.69378,0.08708,0.74019,-160.29331,0.65682,5.58294,-182.27540,0.44564,3.78792
1.3,-10.02861,0.15832,1.34571,-18.11761,0.08441,0.71746,-160.90064,0.62505,5.31294,-181.64873,0.47507,4.03807,-12.46581,0.13507,1.14811,-16.63158,0.09636,0.81903,-156.59560,0.73602,6.25620,-180.97936,0.49088,4.17248
1.4,-9.15787,0.17118,1.45506,-17.69566,0.08858,0.75295,-156.93068,0.69918,5.94302,-179.95001,0.52186,4.43581,-11.98381,0.14336,1.21859,-16.49268,0.10309,0.87629,-151.93545,0.81177,6.90005,-179.03712,0.53391,4.53824
1.5,-8.32092,0.18337,1.55867,-17.16584,0.09622,0.81787,-152.40112,0.76665,6.51654,-177.35407,0.57355,4.87519,-11.47979,0.15323,1.30244,-16.33987,0.11058,0.93989,-146.46286,0.88871,7.55407,-176.23602,0.58109,4.93927
1.6,-7.34727,0.19611,1.66696,-16.42480,0.10260,0.87209,-147.39744,0.83277,7.07851,-174.24534,0.61581,5.23442,-10.86187,0.16280,1.38382,-16.10646,0.11902,1.01167,-140.22986,0.96085,8.16724,-172.69928,0.62888,5.34551
1.7,-6.38487,0.20790,1.76715,-15.78011,0.10790,0.91718,-142.24721,0.89199,7.58190,-170.45616,0.66772,5.67559,-10.12796,0.17324,1.47257,-15.76028,0.12563,1.06785,-133.59287,1.03665,8.81154,-168.54864,0.68120,5.79016
1.8,-5.60757,0.21817,1.85443,-15.07064,0.11400,0.96902,-136.89840,0.94564,8.03795,-166.02821,0.71680,6.09283,-9.29446,0.18526,1.57472,-15.38286,0.13218,1.12355,-126.52932,1.10374,9.38178,-163.99103,0.73884,6.28011
1.9,-4.83077,0.22729,1.93196,-14.27521,0.12052,1.02442,-131.05432,0.99513,8.45865,-161.17128,0.76885,6.53520,-8.41307,0.19444,1.65273,-14.98218,0.13813,1.17412,-119.21485,1.17137,9.95662,-158.85629,0.79933,6.79427
2.0,-4.09070,0.23673,2.01218,-13.57788,0.12842,1.09154,-125.09307,1.04760,8.90460,-155.99516,0.81288,6.90949,-7.47111,0.20588,1.74999,-14.44294,0.14558,1.23746,-111.68252,1.23595,10.50560,-153.42526,0.85832,7.29576
2.1,-3.31356,0.24484,2.08116,-12.86621,0.13530,1.15009,-118.62454,1.09903,9.34179,-150.40634,0.86264,7.33244,-6.49072,0.21837,1.85617,-13.87342,0.15156,1.28824,-103.79388,1.30022,11.05186,-147.55593,0.91421,7.77081
2.2,-2.62831,0.25355,2.15517,-12.09185,0.14324,1.21754,-112.18747,1.14756,9.75427,-144.76567,0.91206,7.75253,-5.50293,0.22966,1.95213,-13.29919,0.15693,1.33393,-95.77251,1.36330,11.58805,-141.63096,0.97625,8.29813
2.3,-1.80587,0.25911,2.20242,-11.31199,0.15198,1.29179,-105.67735,1.19692,10.17381,-138.54852,0.96133,8.17128,-4.53924,0.24080,2.04679,-12.71296,0.16238,1.38024,-87.38157,1.42796,12.13765,-135.20452,1.03697,8.81428
2.4,-1.02346,0.26856,2.28277,-10.53607,0.16068,1.36577,-98.82600,1.24354,10.57008,-132.02827,1.01048,8.58904,-3.59802,0.24984,2.12367,-12.04031,0.17079,1.45173,-78.92364,1.50030,12.75251,-128.66615,1.09125,9.27562
2.5,-0.29752,0.27836,2.36603,-9.73935,0.16868,1.43376,-91.97539,1.28453,10.91850,-125.52180,1.05635,8.97899,-2.72098,0.25665,2.18151,-11.33590,0.17688,1.50347,-70.53635,1.56729,13.32196,-122.26324,1.13953,9.68601
2.6,0.42992,0.28666,2.43660,-8.89742,0.17674,1.50232,-84.95531,1.32997,11.30471,-118.97223,1.10108,9.35914,-1.93453,0.26211,2.22790,-10.63857,0.18305,1.55593,-62.34951,1.62452,13.80838,-115.74584,1.17649,10.00014
2.7,1.23797,0.29701,2.52457,-8.15202,0.18322,1.55738,-78.17380,1.36971,11.64253,-112.73976,1.14801,9.75812,-1.17760,0.26748,2.27362,-10.04648,0.19069,1.62088,-54.55374,1.68274,14.30328,-109.42063,1.20899,10.27639
2.8,1.98064,0.30636,2.60403,-7.32010,0.18632,1.58371,-71.30278,1.41127,11.99578,-106.35720,1.19239,10.13531,-0.45996,0.27112,2.30455,-9.37043,0.19695,1.67409,-47.03446,1.73466,14.74457,-103.23588,1.24738,10.60273
2.9,2.68681,0.31698,2.69431,-6.55566,0.19074,1.62131,-64.84090,1.45409,12.35973,-100.09475,1.24069,10.54590,0.26101,0.27567,2.34315,-8.69818,0.20328,1.72789,-39.80320,1.78262,15.15230,-96.76948,1.27861,10.86816
3.0,3.29480,0.32370,2.75145,-5.82849,0.19624,1.66804,-58.37057,1.48943,12.66018,-93.92672,1.28322,10.90736,0.86788,0.27963,2.37683,-8.03407,0.21098,1.79334,-32.95532,1.82041,15.47352,-90.73107,1.31077,11.14152
3.1,3.92200,0.33231,2.82464,-5.12797,0.19887,1.69043,-51.82064,1.52355,12.95019,-88.08040,1.33520,11.34916,1.44719,0.28035,2.38296,-7.42571,0.21547,1.83151,-26.05044,1.86196,15.82670,-84.86217,1.33713,11.36556
3.2,4.52502,0.34043,2.89365,-4.48608,0.20217,1.71842,-45.50705,1.56495,13.30208,-82.34952,1.37523,11.68948,2.01164,0.28120,2.39018,-6.83575,0.21968,1.86728,-19.55765,1.89862,16.13828,-79.21097,1.36130,11.57103
3.3,5.02782,0.34928,2.96891,-3.84910,0.20470,1.73999,-39.57888,1.59802,13.58315,-77.15855,1.41796,12.05263,2.45381,0.28349,2.40966,-6.30656,0.22251,1.89136,-13.24583,1.93321,16.43228,-73.95201,1.38122,11.74037
3.4,5.61772,0.35731,3.03716,-3.25026,0.20487,1.74143,-33.91354,1.62875,13.84434,-72.12609,1.45778,12.39115,2.98304,0.28471,2.42005,-5.86386,0.22564,1.91791,-7.43532,1.96843,16.73164,-68.92341,1.39593,11.86537
3.5,6.14179,0.36243,3.08062,-2.78793,0.20452,1.73844,-28.54365,1.66211,14.12796,-67.52053,1.49615,12.71725,3.43420,0.28615,2.43224,-5.38243,0.22654,1.92561,-1.77712,1.99712,16.97554,-63.91038,1.41457,12.02381
3.6,6.60215,0.36997,3.14475,-2.34474,0.20590,1.75013,-23.34595,1.69349,14.39467,-63.20471,1.52327,12.94776,3.94106,0.28791,2.44719,-4.90621,0.22872,1.94415,3.27045,2.02711,17.23042,-59.48508,1.42756,12.13427
3.7,7.03724,0.37447,3.18301,-1.92400,0.20746,1.76338,-18.73193,1.72167,14.63416,-59.25987,1.55618,13.22757,4.40989,0.29025,2.46712,-4.49530,0.22869,1.94386,8.00522,2.05584,17.47462,-55.30909,1.44288,12.26445
3.8,7.35638,0.38046,3.23391,-1.55331,0.20939,1.77983,-14.60024,1.75617,14.92743,-56.09068,1.58197,13.44677,4.75777,0.29260,2.48707,-4.11946,0.23125,1.96561,12.10364,2.08020,17.68167,-51.63074,1.45968,12.40727
3.9,7.64492,0.38672,3.28716,-1.20351,0.21074,1.79132,-11.11185,1.77727,15.10683,-53.26262,1.60906,13.67698,5.05686,0.29389,2.49810,-3.76516,0.23116,1.96487,15.92190,2.10263,17.87237,-48.18527,1.47170,12.50945
4.0,7.93867,0.39214,3.33316,-0.96789,0.21390,1.81816,-7.92830,1.80325,15.32759,-50.95136,1.62687,13.82843,5.31640,0.29536,2.51052,-3.47858,0.23172,1.96965,18.71416,2.12632,18.07368,-45.18755,1.48235,12.59994
4.1,8.13707,0.39869,3.38885,-0.74988,0.21578,1.83411,-5.41058,1.83093,15.56290,-49.02825,1.64554,13.98710,5.48938,0.29873,2.53924,-3.29980,0.23192,1.97130,21.35227,2.14627,18.24332,-42.68090,1.49601,12.71612
4.2,8.32006,0.40388,3.43300,-0.61582,0.21609,1.83673,-3.08222,1.84788,15.70699,-47.78423,1.66888,14.18548,5.62641,0.30040,2.55337,-3.14531,0.23288,1.97945,23.42800,2.16085,18.36719,-40.79397,1.51048,12.83911
4.3,8.53655,0.40832,3.47069,-0.43925,0.21756,1.84927,-1.44516,1.86787,15.87692,-46.83032,1.68693,14.33889,5.75703,0.30278,2.57366,-3.01552,0.23277,1.97853,25.23158,2.18180,18.54529,-39.23259,1.52033,12.92278
4.4,8.70873,0.41273,3.50821,-0.35627,0.21894,1.86100,-0.14546,1.88823,16.04999,-46.22962,1.70364,14.48094,5.84031,0.30522,2.59438,-2.94328,0.23463,1.99440,26.57216,2.20152,18.71292,-38.15419,1.53027,13.00727
4.5,8.89113,0.41685,3.54322,-0.34127,0.22014,1.87117,0.95015,1.90680,16.20781,-45.78804,1.72084,14.62712,5.88912,0.30705,2.60991,-2.88229,0.23488,1.99647,27.53321,2.21677,18.84258,-37.17945,1.54499,13.13246
4.6,8.97708,0.41927,3.56382,-0.33953,0.22289,1.89458,1.60148,1.92299,16.34538,-45.70477,1.72980,14.70333,5.89367,0.30912,2.62754,-2.87101,0.23546,2.00138,28.24557,2.22962,18.95181,-36.71685,1.55808,13.24364
4.7,8.98625,0.42236,3.59006,-0.34501,0.22429,1.90648,2.10302,1.94150,16.50272,-45.97071,1.74730,14.85208,5.89767,0.31047,2.63900,-2.83971,0.23635,2.00897,28.63514,2.24149,19.05267,-36.60644,1.56964,13.34192
4.8,9.01023,0.42663,3.62631,-0.35782,0.22439,1.90728,2.26607,1.95688,16.63349,-46.24573,1.75832,14.94568,5.83986,0.31105,2.64392,-2.83438,0.23807,2.02363,28.82752,2.25306,19.15099,-36.64302,1.58010,13.43085
4.9,9.06399,0.43057,3.65983,-0.38978,0.22619,1.92260,2.30837,1.96917,16.73793,-46.71420,1.77578,15.09412,5.78398,0.31328,2.66289,-2.90342,0.23796,2.02270,28.83796,2.26297,19.23522,-36.82567,1.59027,13.51730
5.0,9.02947,0.43339,3.68381,-0.42721,0.22825,1.94014,2.09039,1.97797,16.81271,-47.28237,1.78910,15.20734,5.71228,0.31414,2.67017,-2.98391,0.23752,2.01892,28.62335,2.27151,19.30787,-37.18633,1.59775,13.58091
5.1,9.04399,0.43754,3.71906,-0.49107,0.22890,1.94565,2.03412,1.99130,16.92601,-47.96261,1.80480,15.34079,5.63743,0.31494,2.67700,-3.08044,0.23798,2.02279,28.37500,2.28117,19.38995,-37.60942,1.60470,13.63997
5.2,9.03525,0.43939,3.73478,-0.55417,0.23054,1.95958,1.82660,2.00568,17.04828,-48.64542,1.81616,15.43736,5.51668,0.31676,2.69250,-3.11845,0.23890,2.03068,27.93325,2.29010,19.46589,-38.25994,1.60948,13.68058
5.3,8.98946,0.44170,3.75443,-0.60303,0.23272,1.97816,1.44259,2.02106,17.17900,-49.51952,1.83018,15.55656,5.41246,0.31886,2.71033,-3.24539,0.23920,2.03318,27.52811,2.29846,19.53688,-38.94159,1.61958,13.76647
5.4,9.00435,0.44470,3.77991,-0.67034,0.23413,1.99014,1.04713,2.02991,17.25427,-50.30719,1.84108,15.64915,5.29108,0.32026,2.72224,-3.29974,0.24063,2.04538,27.07757,2.31076,19.64150,-39.64784,1.62624,13.82302
5.5,8.97153,0.44750,3.80377,-0.73372,0.23406,1.98955,0.65247,2.04290,17.36463,-51.01203,1.85294,15.74997,5.23643,0.32271,2.74302,-3.36129,0.24174,2.05478,26.71848,2.32445,19.75785,-40.22683,1.63176,13.86996
5.6,8.90067,0.44936,3.81953,-0.85281,0.23581,2.00439,0.22384,2.05666,17.48163,-51.82442,1.86494,15.85195,5.18140,0.32380,2.75230,-3.40627,0.24224,2.05908,26.20046,2.33542,19.85109,-40.90672,1.63427,13.89134
5.7,8.84179,0.45231,3.84468,-0.92606,0.23773,2.02067,0.10550,2.07109,17.60425,-52.58025,1.88212,15.99799,5.13347,0.32551,2.76682,-3.54742,0.24344,2.06923,25.88218,2.34362,19.92075,-41.37530,1.64136,13.95158
5.8,8.80543,0.45555,3.87219,-1.02501,0.23838,2.02620,-0.14310,2.08353,17.71001,-53.26941,1.89550,16.11175,5.05705,0.32779,2.78621,-3.62851,0.24374,2.07181,25.51523,2.34970,19.97243,-41.96179,1.65144,14.03721
5.9,8.80888,0.45727,3.88678,-1.11341,0.24037,2.04317,-0.27301,2.09880,17.83983,-53.92975,1.90831,16.22059,4.97076,0.32814,2.78915,-3.70442,0.24391,2.07326,25.21484,2.35971,20.05756,-42.43821,1.65568,14.07324
6.0,8.73773,0.45895,3.90105,-1.20683,0.24143,2.05214,-0.51129,2.10868,17.92374,-54.61302,1.91955,16.31620,4.91471,0.32887,2.79542,-3.76050,0.24443,2.07767,24.89496,2.36815,20.12929,-42.87956,1.66335,14.13849
6.1,8.72522,0.46253,3.93147,-1.22011,0.24309,2.06624,-0.68571,2.11788,18.00197,-55.19990,1.93039,16.40828,4.84858,0.32962,2.80178,-3.84047,0.24528,2.08486,24.52411,2.37524,20.18956,-43.35000,1.67244,14.21576
6.2,8.67637,0.46475,3.95040,-1.26474,0.24357,2.07034,-0.62844,2.12920,18.09819,-55.76753,1.94069,16.49584,4.80940,0.33080,2.81181,-3.88831,0.24698,2.09937,24.30993,2.38254,20.25159,-43.71297,1.67714,14.25570
6.3,8.64450,0.46713,3.97058,-1.32766,0.24571,2.08857,-0.68160,2.14303,18.21573,-56.32177,1.95535,16.62045,4.71932,0.33188,2.82097,-3.96722,0.24760,2.10463,24.18576,2.39291,20.33978,-44.08122,1.68433,14.31683
6.4,8.63498,0.46874,3.98432,-1.42177,0.24665,2.09652,-0.67698,2.15566,18.32311,-56.66782,1.96426,16.69618,4.70367,0.33273,2.82816,-4.07788,0.24727,2.10180,24.04837,2.39801,20.38306,-44.41630,1.68795,14.34759
6.5,8.59869,0.47036,3.99804,-1.49345,0.24878,2.11467,-0.79550,2.16585,18.40972,-57.24768,1.97317,16.77194,4.62477,0.33542,2.85111,-4.18358,0.24835,2.11099,23.86831,2.40594,20.45052,-44.53154,1.69197,14.38177
6.6,8.54114,0.47269,4.01789,-1.54906,0.25073,2.13120,-0.64448,2.17335,18.47345,-57.82596,1.98415,16.86528,4.50200,0.33685,2.86322,-4.31026,0.24914,2.11767,23.65140,2.41231,20.50459,-44.84515,1.69469,14.40488
6.7,8.53526,0.47639,4.04934,-1.62286,0.25160,2.13862,-0.49592,2.18499,18.57240,-58.20161,1.99663,16.97133,4.46407,0.33797,2.87276,-4.38834,0.24790,2.10719,23.60485,2.42371,20.60154,-45.18841,1.70198,14.46684
6.8,8.49102,0.47872,4.06911,-1.71517,0.25233,2.14477,-0.48145,2.20192,18.71635,-58.55033,2.00667,17.05669,4.38756,0.33922,2.88338,-4.45324,0.24948,2.12057,23.45212,2.43204,20.67237,-45.58233,1.70824,14.52005
6.9,8.42821,0.48179,4.09520,-1.80682,0.25187,2.14093,-0.33503,2.21197,18.80174,-58.89903,2.01576,17.13395,4.31299,0.33981,2.88842,-4.51068,0.25183,2.14054,23.21672,2.43825,20.72514,-45.75807,1.71537,14.58065
7.0,8.39368,0.48441,4.11745,-1.86738,0.25175,2.13991,-0.24024,2.22259,18.89203,-59.19426,2.02239,17.19032,4.24745,0.33981,2.88837,-4.60937,0.25245,2.14582,22.86477,2.44462,20.77923,-45.99339,1.72330,14.64808
7.1,8.32421,0.48642,4.13455,-1.95755,0.25271,2.14807,-0.17381,2.22801,18.93809,-59.74850,2.02902,17.24667,4.16858,0.33976,2.88799,-4.70047,0.25372,2.15658,22.69165,2.45357,20.85532,-46.21859,1.72703,14.67979
7.2,8.32619,0.48885,4.15527,-2.06956,0.25402,2.15916,-0.01864,2.23921,19.03328,-60.15256,2.04412,17.37505,4.09878,0.33980,2.88833,-4.75964,0.25451,2.16334,22.47306,2.46087,20.91737,-46.67648,1.73620,14.75770
7.3,8.25634,0.49034,4.16791,-2.16146,0.25561,2.17267,0.05694,2.24753,19.10399,-60.78667,2.05583,17.47456,3.97345,0.34049,2.89419,-4.88416,0.25560,2.17263,22.25255,2.47396,21.02865,-46.96366,1.74475,14.83033
7.4,8.20135,0.49200,4.18201,-2.27764,0.25557,2.17238,0.06907,2.25274,19.14830,-61.28072,2.06743,17.57320,3.91759,0.33947,2.88549,-4.95923,0.25702,2.18465,21.92873,2.48313,21.10659,-47.32928,1.75751,14.93880
7.5,8.13242,0.49370,4.19645,-2.35415,0.25703,2.18475,0.21025,2.26282,19.23398,-61.79768,2.07757,17.65937,3.86004,0.33962,2.88676,-5.05937,0.25789,2.19204,21.92863,2.48987,21.16393,-47.66662,1.76760,15.02456
7.6,8.02886,0.49690,4.22362,-2.49118,0.25810,2.19388,0.18866,2.26637,19.26412,-62.27057,2.09279,17.78871,3.76642,0.33841,2.87648,-5.15745,0.25992,2.20929,21.78998,2.50358,21.28044,-48.17657,1.77874,15.11931
7.7,8.00202,0.50079,4.25668,-2.55802,0.25812,2.19399,0.29856,2.26974,19.29278,-62.79836,2.10485,17.89121,3.67192,0.33867,2.87865,-5.30964,0.26073,2.21622,21.62102,2.51751,21.39880,-48.57854,1.78714,15.19071
7.8,7.90246,0.50384,4.28262,-2.69479,0.25812,2.19401,0.19617,2.27737,19.35761,-63.45864,2.12169,18.03440,3.58028,0.33961,2.88670,-5.41666,0.26240,2.23042,21.47967,2.53278,21.52860,-49.05694,1.79833,15.28579
7.9,7.83251,0.50824,4.32006,-2.80413,0.25925,2.20364,-0.00523,2.28454,19.41860,-64.28665,2.13099,18.11345,3.47283,0.34044,2.89372,-5.52827,0.26411,2.24491,21.21321,2.54765,21.65506,-49.44373,1.80841,15.37147
8.0,7.74583,0.51116,4.34486,-2.93389,0.25957,2.20633,-0.13433,2.28934,19.45937,-64.84919,2.14405,18.22440,3.42840,0.33908,2.88221,-5.65275,0.26449,2.24814,20.97115,2.56038,21.76319,-49.94560,1.81763,15.44989
8.1,7.68796,0.51335,4.36347,-3.03913,0.26178,2.22509,-0.16881,2.29016,19.46637,-65.32866,2.15044,18.27876,3.31943,0.33986,2.88883,-5.75990,0.26517,2.25396,20.67862,2.57183,21.86056,-50.31129,1.83120,15.56518
8.2,7.60091,0.51550,4.38175,-3.17216,0.26368,2.24127,-0.26907,2.30050,19.55425,-65.84816,2.16473,18.40023,3.23042,0.34080,2.89677,-5.84233,0.26599,2.26088,20.44174,2.58347,21.95948,-50.78854,1.84039,15.64331
8.3,7.51635,0.51901,4.41160,-3.24617,0.26271,2.23301,-0.33971,2.30619,19.60265,-66.22712,2.17441,18.48250,3.16389,0.33980,2.88831,-5.99740,0.26684,2.26815,20.17523,2.59762,22.07980,-51.39136,1.84881,15.71490
8.4,7.47179,0.52102,4.42867,-3.39359,0.26266,2.23265,-0.34217,2.31433,19.67183,-66.81873,2.18754,18.59406,3.03285,0.34075,2.89638,-6.11538,0.26838,2.28125,19.91988,2.61012,22.18603,-51.67853,1.85595,15.77555
8.5,7.38526,0.52256,4.44174,-3.48334,0.26422,2.24585,-0.39410,2.31950,19.71573,-67.39379,2.19720,18.67617,2.91786,0.34252,2.91145,-6.20213,0.26944,2.29028,19.50085,2.62536,22.31554,-52.23880,1.86713,15.87060
8.6,7.29784,0.52319,4.44711,-3.54569,0.26631,2.26362,-0.41459,2.32576,19.76899,-67.87012,2.20812,18.76899,2.74712,0.34197,2.90672,-6.32552,0.27119,2.30513,19.40187,2.64321,22.46725,-52.67459,1.87297,15.92021
8.7,7.19178,0.52614,4.47218,-3.65376,0.26627,2.26328,-0.43181,2.33354,19.83511,-68.29631,2.21289,18.80958,2.62428,0.34174,2.90482,-6.42306,0.27276,2.31846,19.13390,2.66228,22.62935,-53.09609,1.88169,15.99440
8.8,7.06773,0.52796,4.48768,-3.78560,0.26753,2.27404,-0.44661,2.33651,19.86032,-68.74867,2.21386,18.81779,2.51548,0.34181,2.90538,-6.50982,0.27498,2.33733,18.83218,2.67594,22.74552,-53.41793,1.89010,16.06585
8.9,6.96802,0.53016,4.50638,-3.88944,0.26710,2.27036,-0.53082,2.34122,19.90033,-69.23061,2.22245,18.89085,2.41054,0.34185,2.90577,-6.62492,0.27625,2.34809,18.59118,2.68104,22.78882,-53.99962,1.89993,16.14943
9.0,6.90777,0.53404,4.53930,-4.09264,0.26778,2.27616,-0.38159,2.34929,19.96899,-69.75521,2.23087,18.96241,2.32191,0.34194,2.90647,-6.76191,0.27825,2.36508,18.40404,2.69512,22.90850,-54.40023,1.90421,16.18582
9.1,6.79857,0.53703,4.56476,-4.18415,0.26714,2.27073,-0.40605,2.35642,20.02954,-70.22323,2.23670,19.01194,2.20379,0.34193,2.90641,-6.84220,0.27969,2.37734,18.10664,2.71189,23.05105,-54.82780,1.90692,16.20885
9.2,6.70581,0.54070,4.59592,-4.32401,0.26747,2.27350,-0.50281,2.36574,20.10876,-70.63951,2.24434,19.07691,2.10809,0.34215,2.90830,-6.93948,0.28169,2.39434,18.01271,2.72531,23.16511,-55.17187,1.91626,16.28821
9.3,6.60901,0.54129,4.60096,-4.41502,0.26841,2.28152,-0.48294,2.37293,20.16990,-71.06088,2.25106,19.13399,1.97799,0.34231,2.90966,-7.05250,0.28264,2.40247,18.02805,2.73530,23.25001,-55.58591,1.92449,16.35815
9.4,6.51545,0.54467,4.62968,-4.56393,0.26852,2.28244,-0.52072,2.38541,20.27596,-71.72786,2.26112,19.21953,1.82284,0.34217,2.90848,-7.08787,0.28323,2.40742,17.78462,2.74765,23.35499,-55.99227,1.92865,16.39352
9.5,6.49187,0.54775,4.65591,-4.68520,0.26807,2.27861,-0.63022,2.39572,20.36362,-72.36901,2.27260,19.31706,1.70356,0.34167,2.90416,-7.16416,0.28278,2.40366,17.64892,2.75631,23.42864,-56.32588,1.93782,16.47148
9.6,6.46974,0.55106,4.68401,-4.78451,0.26894,2.28595,-0.55768,2.40533,20.44530,-72.96226,2.28132,19.39119,1.58572,0.34063,2.89539,-7.26431,0.28297,2.40523,17.54809,2.76711,23.52040,-56.85017,1.94709,16.55030
9.7,6.39739,0.55428,4.71135,-4.86836,0.26860,2.28309,-0.66662,2.40911,20.47746,-73.43051,2.28481,19.42090,1.51285,0.34013,2.89109,-7.36724,0.28291,2.40473,17.50126,2.78095,23.63809,-57.36477,1.95161,16.58868
9.8,6.34034,0.55618,4.72756,-4.97311,0.26748,2.27355,-0.74254,2.41505,20.52793,-73.92588,2.29360,19.49560,1.42694,0.33983,2.88854,-7.54146,0.28493,2.42192,17.44999,2.79944,23.79523,-57.70101,1.96033,16.66283
9.9,6.29672,0.55857,4.74789,-5.09986,0.26801,2.27811,-0.82573,2.42285,20.59421,-74.46680,2.29402,19.49918,1.28807,0.34136,2.90158,-7.65322,0.28706,2.43998,17.33343,2.81555,23.93218,-58.10121,1.96518,16.70403
10.0,6.19334,0.56017,4.76144,-5.22959,0.26726,2.27173,-0.88647,2.43194,20.67149,-75.13102,2.30220,19.56869,1.18055,0.34122,2.90036,-7.74080,0.28572,2.42862,17.11868,2.82879,24.04472,-58.49546,1.96766,16.72509
10.1,6.11815,0.56321,4.78731,-5.39412,0.26416,2.24534,-0.88518,2.43688,20.71350,-75.75045,2.30756,19.61426,0.98463,0.33936,2.88455,-7.84554,0.28622,2.43290,16.94690,2.84093,24.14788,-58.87558,1.96927,16.73883
10.2,6.06646,0.56569,4.80836,-5.54519,0.26463,2.24939,-0.91703,2.44301,20.76557,-76.23758,2.31176,19.64995,0.86438,0.33950,2.88578,-7.92264,0.28569,2.42837,16.78849,2.85532,24.27023,-59.28338,1.97136,16.75659
10.3,6.01385,0.57011,4.84592,-5.66157,0.26492,2.25182,-0.96982,2.45178,20.84009,-76.82365,2.31786,19.70185,0.78382,0.33898,2.88137,-8.00231,0.28589,2.43009,16.53363,2.86593,24.36040,-59.79327,1.97727,16.80680
10.4,5.93140,0.57179,4.86020,-5.79087,0.26658,2.26591,-1.23076,2.45589,20.87502,-77.18642,2.32247,19.74096,0.69446,0.33928,2.88390,-8.10339,0.28801,2.44812,16.26434,2.87881,24.46990,-60.13731,1.98342,16.85909
10.5,5.87806,0.57314,4.87171,-5.94059,0.26597,2.26075,-1.34079,2.46394,20.94349,-77.83276,2.32818,19.78953,0.60122,0.33948,2.88560,-8.15589,0.28921,2.45827,15.83532,2.89549,24.61165,-60.51330,1.98538,16.87575
10.6,5.78691,0.57628,4.89835,-6.04807,0.26753,2.27403,-1.55691,2.47368,21.02629,-78.35061,2.32983,19.80357,0.50316,0.33942,2.88504,-8.25476,0.29073,2.47122,15.40118,2.90907,24.72705,-60.89596,1.98774,16.89579
10.7,5.70432,0.57760,4.90962,-6.15574,0.26791,2.27724,-1.65792,2.48358,21.11041,-78.99567,2.33369,19.83639,0.36987,0.33904,2.88182,-8.33868,0.29027,2.46728,14.77374,2.92347,24.84953,-61.37903,1.99533,16.96033
10.8,5.67460,0.58107,4.93913,-6.28610,0.26838,2.28119,-1.77890,2.49369,21.19638,-79.67743,2.33751,19.86885,0.29038,0.33926,2.88369,-8.45615,0.29279,2.48874,14.32627,2.93889,24.98053,-61.79566,1.99566,16.96312
10.9,5.62135,0.58309,4.95623,-6.44476,0.26945,2.29032,-1.79963,2.49800,21.23303,-80.19455,2.34158,19.90340,0.15275,0.33956,2.88628,-8.60878,0.29264,2.48740,13.93722,2.95656,25.13076,-62.31813,2.00079,17.00671
11.0,5.56873,0.58450,4.96827,-6.56872,0.26990,2.29414,-2.03824,2.50745,21.31330,-80.90415,2.34796,19.95765,-0.01122,0.34010,2.89086,-8.65716,0.29204,2.48235,13.43902,2.96604,25.21135,-62.88773,2.00644,17.05474
11.1,5.54424,0.58779,4.99624,-6.75620,0.26940,2.28988,-2.15995,2.51570,21.38344,-81.43369,2.34936,19.96957,-0.09543,0.34090,2.89763,-8.80954,0.29357,2.49531,12.94665,2.97878,25.31961,-63.52083,2.00799,17.06789
11.2,5.46182,0.59036,5.01807,-6.94128,0.26989,2.29405,-2.29215,2.52095,21.42805,-82.08477,2.35876,20.04942,-0.16344,0.34205,2.90738,-8.89479,0.29573,2.51369,12.48895,2.99413,25.45014,-63.96391,2.01097,17.09326
11.3,5.40871,0.59287,5.03939,-7.06178,0.26904,2.28681,-2.45251,2.52701,21.47957,-82.74385,2.36521,20.10430,-0.25965,0.34370,2.92142,-8.93871,0.29680,2.52280,12.06526,3.00941,25.57996,-64.43292,2.01325,17.11263
11.4,5.36793,0.59498,5.05737,-7.24142,0.26858,2.28289,-2.80233,2.53777,21.57108,-83.29626,2.36919,20.13809,-0.38912,0.34388,2.92295,-9.02353,0.29775,2.53085,11.65412,3.02423,25.70592,-65.11016,2.01470,17.12499
11.5,5.32455,0.59611,5.06696,-7.35853,0.26834,2.28089,-3.16047,2.54338,21.61870,-84.00898,2.37518,20.18905,-0.50606,0.34500,2.93253,-9.14955,0.29825,2.53514,11.25972,3.04092,25.84785,-65.62486,2.01809,17.15377
11.6,5.23437,0.59907,5.09207,-7.49229,0.27068,2.30074,-3.44550,2.55198,21.69183,-84.53942,2.37533,20.19028,-0.56668,0.34526,2.93472,-9.21635,0.29775,2.53090,10.62816,3.05154,25.93811,-66.34501,2.01423,17.12097
11.7,5.21273,0.60129,5.11093,-7.60283,0.27061,2.30015,-3.61511,2.55621,21.72779,-85.16699,2.38332,20.25821,-0.64357,0.34552,2.93691,-9.30842,0.29895,2.54107,9.99090,3.06451,26.04831,-66.96095,2.01679,17.14269
11.8,5.16517,0.60448,5.13805,-7.72585,0.26875,2.28436,-3.83910,2.56730,21.82209,-85.83952,2.38631,20.28360,-0.72229,0.34477,2.93056,-9.43239,0.29759,2.52948,9.11964,3.07611,26.14696,-67.60647,2.02138,17.18172
11.9,5.05301,0.60593,5.15037,-7.86688,0.27015,2.29630,-4.26687,2.56467,21.79968,-86.61975,2.39161,20.32870,-0.83580,0.34487,2.93138,-9.51692,0.29870,2.53896,8.52809,3.09262,26.28723,-68.18274,2.02391,17.20327
12.0,5.08552,0.60800,5.16799,-8.04708,0.26965,2.29204,-4.57591,2.57439,21.88235,-87.16246,2.39012,20.31606,-0.92954,0.34604,2.94134,-9.60942,0.29934,2.54435,8.07925,3.10259,26.37198,-68.76840,2.02564,17.21797
12.1,5.07984,0.60948,5.18057,-8.19288,0.26975,2.29290,-4.95642,2.58813,21.99909,-87.82665,2.39361,20.34566,-1.02023,0.34684,2.94815,-9.62564,0.29969,2.54738,7.39970,3.11913,26.51262,-69.31566,2.02652,17.22538
12.2,5.02973,0.61249,5.20619,-8.31021,0.27027,2.29727,-5.50099,2.59081,22.02188,-88.61589,2.39356,20.34523,-1.12752,0.34736,2.95252,-9.67349,0.30007,2.55059,6.81650,3.13337,26.63368,-70.11317,2.02804,17.23832
12.3,4.93455,0.61578,5.23409,-8.43093,0.26914,2.28766,-5.92891,2.60074,22.10628,-89.23823,2.39755,20.37922,-1.23457,0.34844,2.96173,-9.79229,0.29951,2.54581,5.92097,3.14864,26.76343,-70.82140,2.02317,17.19694
12.4,4.91028,0.61856,5.25774,-8.51651,0.26820,2.27974,-6.26348,2.60759,22.16455,-89.73455,2.40013,20.40112,-1.32958,0.35048,2.97906,-9.89541,0.30029,2.55242,5.26304,3.15985,26.85871,-71.61072,2.02676,17.22742
12.5,4.90310,0.62023,5.27191,-8.63135,0.26861,2.28322,-6.51186,2.61328,22.21291,-90.24579,2.40154,20.41313,-1.42963,0.35217,2.99345,-9.90258,0.30166,2.56409,4.65049,3.17266,26.96760,-72.30340,2.02111,17.17944
12.6,4.85181,0.62178,5.28511,-8.77840,0.26836,2.28106,-6.85631,2.61932,22.26420,-90.99540,2.40400,20.43403,-1.47611,0.35261,2.99721,-10.00161,0.30258,2.57192,4.06532,3.18506,27.07302,-73.13226,2.02289,17.19460
12.7,4.79043,0.62457,5.30887,-8.93033,0.26804,2.27834,-7.16131,2.62903,22.34674,-91.54273,2.40439,20.43733,-1.56004,0.35194,2.99146,-10.10055,0.30502,2.59268,3.41240,3.19213,27.13307,-74.03606,2.02353,17.20001
12.8,4.71350,0.62595,5.32056,-9.02724,0.26672,2.26716,-7.58804,2.63241,22.37552,-92.04132,2.41219,20.50361,-1.65434,0.35216,2.99337,-10.15541,0.30614,2.60219,2.63169,3.21027,27.28728,-74.67073,2.02248,17.19106
12.9,4.67414,0.62828,5.34037,-9.10303,0.26644,2.26475,-7.86126,2.64318,22.46703,-92.67286,2.41235,20.50497,-1.71313,0.35192,2.99131,-10.24251,0.30651,2.60531,2.04164,3.22250,27.39124,-75.54647,2.02522,17.21434
13.0,4.66718,0.63097,5.36324,-9.16649,0.26692,2.26882,-8.17555,2.64958,22.52146,-93.50689,2.40712,20.46051,-1.84527,0.35233,2.99479,-10.31532,0.30866,2.62362,1.46056,3.23620,27.50774,-76.24475,2.02255,17.19163
13.1,4.62890,0.63329,5.38299,-9.26497,0.26750,2.27377,-8.55524,2.65222,22.54386,-94.18611,2.40795,20.46754,-1.89992,0.35413,3.01007,-10.36880,0.31131,2.64612,0.68415,3.24842,27.61153,-77.02261,2.02366,17.20112
13.2,4.51358,0.63543,5.40119,-9.35333,0.26766,2.27514,-8.95440,2.66095,22.61808,-94.92499,2.40959,20.48153,-1.91967,0.35517,3.01896,-10.43782,0.31182,2.65047,0.10357,3.26723,27.77143,-77.63310,2.02850,17.24223
13.3,4.49214,0.63746,5.41841,-9.47859,0.26772,2.27561,-9.45427,2.66792,22.67729,-95.52018,2.41000,20.48499,-2.04917,0.35613,3.02712,-10.54022,0.31323,2.66241,-0.45488,3.28757,27.94435,-78.37678,2.03044,17.25874
13.4,4.40915,0.63991,5.43919,-9.58826,0.26849,2.28217,-9.89847,2.67325,22.72261,-96.24058,2.41215,20.50327,-2.17750,0.35662,3.03124,-10.62656,0.31269,2.65787,-1.14450,3.30412,28.08502,-79.25825,2.02680,17.22776
13.5,4.23965,0.64296,5.46519,-9.71480,0.26861,2.28316,-10.29080,2.68213,22.79807,-96.67308,2.41494,20.52700,-2.29682,0.35768,3.04026,-10.66852,0.31446,2.67287,-1.86757,3.31486,28.17628,-79.95475,2.01804,17.15337
13.6,4.23701,0.64511,5.48345,-9.85863,0.26891,2.28574,-10.94419,2.68873,22.85419,-97.47381,2.41073,20.49121,-2.39873,0.36002,3.06017,-10.71411,0.31522,2.67935,-2.43430,3.32873,28.29421,-80.72475,2.01582,17.13446
13.7,4.19696,0.64796,5.50762,-10.02228,0.27010,2.29589,-11.39600,2.69532,22.91022,-98.31596,2.40525,20.44464,-2.43904,0.36265,3.08256,-10.76680,0.31613,2.68711,-2.89234,3.34682,28.44793,-81.57423,2.02097,17.17826
13.8,4.16488,0.64878,5.51464,-10.13335,0.27032,2.29770,-11.87933,2.70002,22.95019,-99.10081,2.40446,20.43792,-2.56645,0.36383,3.09259,-10.80592,0.31690,2.69361,-3.50000,3.36445,28.59781,-82.38784,2.01759,17.14955
13.9,4.09892,0.64883,5.51503,-10.24667,0.27157,2.30837,-12.33203,2.70494,22.99198,-99.69778,2.40373,20.43174,-2.68219,0.36557,3.10733,-10.83269,0.31783,2.70153,-3.93626,3.37954,28.72609,-83.19349,2.02220,17.18869
14.0,3.95992,0.65134,5.53641,-10.34867,0.27068,2.30075,-12.69848,2.71388,23.06802,-100.41425,2.39887,20.39041,-2.80321,0.36565,3.10807,-10.83385,0.31900,2.71152,-4.58189,3.39540,28.86091,-83.89293,2.02311,17.19647
14.1,3.90734,0.65312,5.55154,-10.45989,0.27199,2.31195,-13.19891,2.72225,23.13909,-101.14402,2.39718,20.37605,-2.89062,0.36698,3.11932,-10.88769,0.32065,2.72548,-5.34310,3.41077,28.99155,-84.74126,2.02242,17.19059
14.2,3.84515,0.65568,5.57328,-10.54973,0.27165,2.30899,-13.51947,2.73009,23.20578,-101.75200,2.40291,20.42470,-2.93375,0.36724,3.12155,-10.94422,0.32230,2.73953,-5.98746,3.42513,29.11364,-85.61334,2.02081,17.17692
14.3,3.74932,0.65665,5.58153,-10.66107,0.27052,2.29944,-13.83745,2.73399,23.23888,-102.55773,2.39614,20.36723,-3.02151,0.36979,3.14324,-10.94831,0.32255,2.74170,-6.48060,3.43466,29.19457,-86.49923,2.02481,17.21091
14.4,3.63739,0.65818,5.59451,-10.72217,0.27131,2.30612,-14.52366,2.73656,23.26074,-103.21531,2.39048,20.31906,-3.16569,0.37163,3.15883,-10.98169,0.32235,2.74001,-7.16172,3.44849,29.31214,-87.38119,2.02349,17.19968
14.5,3.59067,0.66178,5.62511,-10.83174,0.27078,2.30165,-15.10361,2.73950,23.28576,-103.88870,2.39425,20.35111,-3.25581,0.37280,3.16878,-11.01223,0.32247,2.74097,-7.92924,3.46252,29.43145,-87.89705,2.01677,17.14258
14.6,3.51406,0.66212,5.62799,-10.94178,0.26907,2.28713,-15.54220,2.73866,23.27862,-104.51640,2.39587,20.36492,-3.37087,0.37580,3.19428,-11.04526,0.32217,2.73848,-8.57457,3.47711,29.55543,-88.75153,2.01479,17.12573
14.7,3.47445,0.66236,5.63010,-11.03706,0.27037,2.29815,-16.22261,2.74222,23.30883,-105.20014,2.39380,20.34733,-3.48611,0.37829,3.21550,-11.06119,0.32258,2.74195,-9.28000,3.48629,29.63349,-89.58963,2.00962,17.08174
14.8,3.39108,0.66377,5.64205,-11.17702,0.27034,2.29792,-16.68648,2.74208,23.30765,-105.93909,2.39903,20.39177,-3.58748,0.38019,3.23161,-11.18981,0.32390,2.75312,-9.97749,3.49671,29.72202,-90.33417,2.00781,17.06641
14.9,3.32676,0.66407,5.64461,-11.28158,0.27148,2.30754,-17.32945,2.74941,23.37002,-106.53321,2.39589,20.36502,-3.69806,0.38141,3.24200,-11.26981,0.32299,2.74540,-10.75367,3.51628,29.88834,-91.26308,2.00676,17.05750
15.0,3.21936,0.66570,5.65849,-11.38615,0.27257,2.31689,-18.02586,2.75877,23.44957,-107.18781,2.39665,20.37154,-3.80544,0.38289,3.25458,-11.37428,0.32179,2.73518,-11.51393,3.53295,30.03007,-91.85627,2.00465,17.03951
