region_type,prot_resname,prot_atom,count,length_mean
3F,GLN,NE2,5,3.1393594835632497
3F,GLN,OE1,5,2.917653333874507
3F,SER,OG,4,2.9644221172556104
3F,SER,N,3,3.275338291284502
3F,THR,N,3,3.202424457658465
3F,LYS,N,2,3.169410371172455
3F,LYS,NZ,2,2.8406494786307364
3F,SER,O,2,3.001454039921704
3F,ASN,ND2,1,3.4072380555339814
3F,ASN,O,1,3.3971911113780964
3F,GLY,N,1,3.2505530967198335
3F,LYS,O,1,2.7825565488900263
3F,THR,O,1,3.2657422003779057
3F,TRP,O,1,3.2548702016849957
5F,ASN,O,5,3.153460432604728
5F,ASN,ND2,4,3.05503068689074
5F,ASN,N,1,3.407939170527636
5F,ASN,OD1,1,3.0171576781085636
5F,GLN,NE2,1,3.472206533738463
neither,ALA,N,4,3.010301673363835
neither,GLN,O,4,2.902245220023257
neither,ASN,ND2,2,3.2402866788794498
neither,ASN,OD1,2,2.9993135224196683
