region_type,prot_resname,count,share_of_region,length_mean,n_suc_donor,n_prot_donor
3F,GLN,10,0.3125,3.0285064087188784,6,4
3F,SER,9,0.28125,3.0762901580799284,6,3
3F,LYS,5,0.15625,2.960535249699282,1,4
3F,THR,4,0.125,3.2182538933383253,1,3
3F,ASN,2,0.0625,3.402214583456039,1,1
3F,GLY,1,0.03125,3.2505530967198335,1,0
3F,TRP,1,0.03125,3.2548702016849957,1,0
5F,ASN,11,0.9166666666666666,3.1284110690202542,7,4
5F,GLN,1,0.08333333333333333,3.472206533738463,0,1
neither,ALA,4,0.3333333333333333,3.010301673363835,0,4
neither,ASN,4,0.3333333333333333,3.119800100649559,2,2
neither,GLN,4,0.3333333333333333,2.902245220023257,4,0
